timestamp,10.1_10.1,10.1_10.2,10.1_10.3,10.1_10.4,10.1_10.5,10.1_10.6,10.1_10.7,10.1_10.8,10.1_10.9,10.1_10.10,10.1_10.11,10.1_10.12,10.1_10.13,10.1_10.14,10.2_10.1,10.2_10.2,10.2_10.3,10.2_10.4,10.2_10.5,10.2_10.6,10.2_10.7,10.2_10.8,10.2_10.9,10.2_10.10,10.2_10.11,10.2_10.12,10.2_10.13,10.2_10.14,10.3_10.1,10.3_10.2,10.3_10.3,10.3_10.4,10.3_10.5,10.3_10.6,10.3_10.7,10.3_10.8,10.3_10.9,10.3_10.10,10.3_10.11,10.3_10.12,10.3_10.13,10.3_10.14,10.4_10.1,10.4_10.2,10.4_10.3,10.4_10.4,10.4_10.5,10.4_10.6,10.4_10.7,10.4_10.8,10.4_10.9,10.4_10.10,10.4_10.11,10.4_10.12,10.4_10.13,10.4_10.14,10.5_10.1,10.5_10.2,10.5_10.3,10.5_10.4,10.5_10.5,10.5_10.6,10.5_10.7,10.5_10.8,10.5_10.9,10.5_10.10,10.5_10.11,10.5_10.12,10.5_10.13,10.5_10.14,10.6_10.1,10.6_10.2,10.6_10.3,10.6_10.4,10.6_10.5,10.6_10.6,10.6_10.7,10.6_10.8,10.6_10.9,10.6_10.10,10.6_10.11,10.6_10.12,10.6_10.13,10.6_10.14,10.7_10.1,10.7_10.2,10.7_10.3,10.7_10.4,10.7_10.5,10.7_10.6,10.7_10.7,10.7_10.8,10.7_10.9,10.7_10.10,10.7_10.11,10.7_10.12,10.7_10.13,10.7_10.14,10.8_10.1,10.8_10.2,10.8_10.3,10.8_10.4,10.8_10.5,10.8_10.6,10.8_10.7,10.8_10.8,10.8_10.9,10.8_10.10,10.8_10.11,10.8_10.12,10.8_10.13,10.8_10.14,10.9_10.1,10.9_10.2,10.9_10.3,10.9_10.4,10.9_10.5,10.9_10.6,10.9_10.7,10.9_10.8,10.9_10.9,10.9_10.10,10.9_10.11,10.9_10.12,10.9_10.13,10.9_10.14,10.10_10.1,10.10_10.2,10.10_10.3,10.10_10.4,10.10_10.5,10.10_10.6,10.10_10.7,10.10_10.8,10.10_10.9,10.10_10.10,10.10_10.11,10.10_10.12,10.10_10.13,10.10_10.14,10.11_10.1,10.11_10.2,10.11_10.3,10.11_10.4,10.11_10.5,10.11_10.6,10.11_10.7,10.11_10.8,10.11_10.9,10.11_10.10,10.11_10.11,10.11_10.12,10.11_10.13,10.11_10.14,10.12_10.1,10.12_10.2,10.12_10.3,10.12_10.4,10.12_10.5,10.12_10.6,10.12_10.7,10.12_10.8,10.12_10.9,10.12_10.10,10.12_10.11,10.12_10.12,10.12_10.13,10.12_10.14,10.13_10.1,10.13_10.2,10.13_10.3,10.13_10.4,10.13_10.5,10.13_10.6,10.13_10.7,10.13_10.8,10.13_10.9,10.13_10.10,10.13_10.11,10.13_10.12,10.13_10.13,10.13_10.14,10.14_10.1,10.14_10.2,10.14_10.3,10.14_10.4,10.14_10.5,10.14_10.6,10.14_10.7,10.14_10.8,10.14_10.9,10.14_10.10,10.14_10.11,10.14_10.12,10.14_10.13,10.14_10.14
2023-03-05 23:41:47,0.0,965.0,1208.0,1364.0,7894.0,1613.0,532.0,548.0,1929.0,1252.0,9194.0,7760.0,6300.0,710.0,7063.0,0.0,920.0,5568.0,875.0,648.0,458.0,5568.0,2789.0,403.0,5839.0,5815.0,5601.0,4459.0,584.0,844.0,0.0,1955.0,432.0,508.0,402.0,520.0,407.0,378.0,4384.0,1183.0,2822.0,507.0,2206.0,1040.0,652.0,0.0,4259.0,1040.0,540.0,594.0,760.0,8961.0,9414.0,2463.0,684.0,3448.0,711.0,746.0,4800.0,5196.0,0.0,1462.0,621.0,1056.0,5446.0,378.0,1176.0,3160.0,8184.0,6275.0,2761.0,728.0,486.0,9847.0,1506.0,0.0,655.0,1148.0,3260.0,252.0,11724.0,12136.0,9117.0,594.0,3348.0,1855.0,1866.0,597.0,581.0,687.0,0.0,426.0,720.0,3828.0,4680.0,4505.0,581.0,966.0,5918.0,917.0,428.0,960.0,996.0,935.0,491.0,0.0,648.0,766.0,2576.0,6310.0,5050.0,566.0,9306.0,741.0,1722.0,1172.0,10821.0,10974.0,828.0,10812.0,0.0,4713.0,756.0,1798.0,1739.0,4987.0,800.0,703.0,622.0,1257.0,9870.0,1375.0,822.0,1158.0,3701.0,0.0,10362.0,4057.0,10713.0,1717.0,10068.0,741.0,1092.0,702.0,773.0,1947.0,610.0,10758.0,10920.0,986.0,0.0,2071.0,9437.0,8263.0,11406.0,828.0,10848.0,1296.0,13168.0,2229.0,1426.0,12456.0,1183.0,2405.0,1036.0,0.0,9189.0,10407.0,1658.0,516.0,546.0,6060.0,540.0,688.0,532.0,722.0,3504.0,6114.0,2213.0,4868.0,0.0,5952.0,3390.0,516.0,370.0,527.0,3414.0,886.0,5991.0,498.0,4950.0,3817.0,1180.0,624.0,432.0,0.0
2023-03-05 23:41:48,0.0,1040.0,375.0,594.0,7894.0,1661.0,498.0,536.0,1847.0,1224.0,7760.0,7760.0,5968.0,4867.0,5671.0,0.0,1102.0,5671.0,757.0,784.0,458.0,5838.0,331.0,615.0,5839.0,5839.0,5415.0,5495.0,791.0,578.0,0.0,194.0,432.0,868.0,958.0,1106.0,771.0,504.0,3054.0,741.0,3228.0,609.0,1134.0,1052.0,1356.0,0.0,916.0,1052.0,1470.0,594.0,3098.0,8902.0,9414.0,2951.0,684.0,7444.0,711.0,716.0,9144.0,7854.0,0.0,702.0,1031.0,542.0,5886.0,449.0,1585.0,8078.0,8184.0,7746.0,1965.0,1333.0,540.0,11239.0,7903.0,0.0,546.0,2289.0,3167.0,113.0,11808.0,9466.0,10254.0,594.0,4854.0,3138.0,4680.0,581.0,861.0,640.0,0.0,480.0,814.0,935.0,4680.0,4438.0,1973.0,881.0,6006.0,2022.0,1940.0,6202.0,888.0,702.0,826.0,0.0,594.0,539.0,4239.0,7712.0,1616.0,550.0,10181.0,624.0,1865.0,1667.0,10696.0,8891.0,519.0,9444.0,0.0,4582.0,756.0,1741.0,1857.0,9252.0,1743.0,628.0,918.0,1625.0,10652.0,1248.0,642.0,985.0,2404.0,0.0,10470.0,10176.0,10588.0,758.0,10014.0,741.0,1239.0,702.0,642.0,1492.0,610.0,9688.0,10920.0,810.0,0.0,1613.0,10758.0,9224.0,11406.0,816.0,11519.0,1290.0,11708.0,1515.0,1977.0,7079.0,1426.0,3207.0,864.0,0.0,13496.0,11634.0,486.0,516.0,546.0,6060.0,3420.0,634.0,458.0,950.0,595.0,6114.0,3080.0,5161.0,0.0,5952.0,723.0,516.0,162.0,926.0,3544.0,881.0,4541.0,1144.0,843.0,412.0,1508.0,624.0,432.0,0.0
2023-03-05 23:41:49,0.0,387.0,1196.0,776.0,7166.0,1129.0,432.0,750.0,3098.0,681.0,7760.0,7712.0,6898.0,7746.0,5671.0,0.0,860.0,6960.0,4346.0,681.0,378.0,5838.0,319.0,494.0,5839.0,5839.0,5415.0,5839.0,962.0,728.0,0.0,491.0,432.0,1067.0,1615.0,401.0,440.0,558.0,3222.0,612.0,1011.0,762.0,2689.0,1115.0,762.0,0.0,648.0,1554.0,1003.0,2137.0,1864.0,10482.0,9414.0,9468.0,684.0,1808.0,594.0,977.0,8457.0,9360.0,0.0,1017.0,1095.0,3683.0,4394.0,4696.0,2058.0,5465.0,6856.0,9252.0,2952.0,789.0,540.0,11136.0,10156.0,0.0,552.0,2487.0,3142.0,276.0,10324.0,9872.0,11688.0,594.0,4788.0,4518.0,4680.0,1003.0,1175.0,658.0,0.0,480.0,898.0,378.0,4680.0,1541.0,4734.0,1096.0,7460.0,860.0,473.0,3373.0,2481.0,648.0,432.0,0.0,1746.0,1220.0,6604.0,7712.0,2590.0,466.0,10812.0,741.0,1629.0,648.0,9306.0,10866.0,478.0,8326.0,0.0,378.0,756.0,1296.0,3063.0,4974.0,677.0,732.0,968.0,2140.0,12976.0,2013.0,490.0,2738.0,1667.0,0.0,10416.0,10176.0,10758.0,1371.0,10014.0,754.0,1423.0,702.0,8437.0,2368.0,610.0,9713.0,12372.0,756.0,0.0,1345.0,10812.0,10200.0,11406.0,816.0,11523.0,756.0,12436.0,1298.0,1308.0,8979.0,909.0,2858.0,896.0,0.0,11577.0,10787.0,486.0,516.0,604.0,5356.0,3592.0,688.0,378.0,1852.0,660.0,4746.0,5673.0,3519.0,0.0,5952.0,996.0,441.0,162.0,438.0,564.0,594.0,4548.0,378.0,1288.0,3732.0,995.0,1765.0,432.0,0.0
2023-03-05 23:41:50,0.0,375.0,1308.0,1120.0,9354.0,1347.0,480.0,1182.0,1810.0,646.0,7760.0,7760.0,12264.0,3968.0,5671.0,0.0,878.0,5568.0,5671.0,1135.0,378.0,5784.0,2012.0,403.0,5839.0,5839.0,5601.0,4847.0,226.0,874.0,0.0,461.0,432.0,574.0,384.0,802.0,496.0,378.0,3216.0,552.0,1570.0,741.0,594.0,1216.0,1030.0,0.0,7602.0,2360.0,1567.0,1508.0,1991.0,8912.0,6582.0,10812.0,676.0,1091.0,711.0,965.0,8453.0,9360.0,0.0,1306.0,586.0,2155.0,5886.0,378.0,762.0,5182.0,8370.0,7926.0,1125.0,1387.0,540.0,9847.0,1623.0,0.0,680.0,5490.0,2015.0,4589.0,11742.0,9584.0,11688.0,594.0,4788.0,4174.0,4680.0,600.0,1343.0,658.0,0.0,480.0,777.0,3888.0,4680.0,2960.0,4794.0,893.0,7406.0,868.0,1310.0,7559.0,1453.0,1381.0,644.0,0.0,648.0,570.0,7548.0,7712.0,6240.0,572.0,7137.0,1507.0,1670.0,702.0,10866.0,8805.0,390.0,8643.0,0.0,378.0,756.0,1572.0,1750.0,9390.0,2031.0,703.0,420.0,1271.0,10598.0,2609.0,984.0,2099.0,2808.0,0.0,10416.0,2633.0,10758.0,857.0,10014.0,741.0,2735.0,756.0,702.0,2108.0,610.0,8739.0,10920.0,756.0,0.0,1460.0,8470.0,9353.0,12798.0,829.0,12156.0,876.0,12382.0,1327.0,687.0,12200.0,1207.0,1239.0,810.0,0.0,11567.0,11670.0,1726.0,516.0,604.0,6060.0,540.0,688.0,432.0,478.0,2023.0,6114.0,5224.0,2481.0,0.0,3961.0,432.0,441.0,437.0,533.0,2253.0,1002.0,5978.0,432.0,540.0,299.0,4680.0,688.0,432.0,0.0
2023-03-05 23:41:51,0.0,388.0,971.0,594.0,7166.0,1661.0,532.0,602.0,1900.0,776.0,9194.0,7704.0,7138.0,9198.0,5671.0,0.0,974.0,5568.0,5671.0,1767.0,378.0,5784.0,319.0,403.0,7273.0,5839.0,6743.0,4863.0,339.0,874.0,0.0,1145.0,378.0,1123.0,384.0,429.0,429.0,3828.0,3311.0,1200.0,2513.0,363.0,594.0,450.0,1432.0,0.0,702.0,2833.0,524.0,9306.0,3132.0,4556.0,8735.0,9468.0,636.0,1114.0,594.0,1806.0,7638.0,744.0,0.0,1178.0,1002.0,2419.0,5446.0,449.0,2763.0,7844.0,8370.0,5652.0,876.0,1244.0,594.0,11136.0,10866.0,0.0,566.0,3312.0,3168.0,4335.0,11753.0,6972.0,10308.0,648.0,450.0,4518.0,342.0,486.0,1017.0,658.0,0.0,550.0,666.0,618.0,4680.0,2388.0,2751.0,870.0,7352.0,914.0,531.0,7604.0,606.0,902.0,593.0,0.0,1864.0,1110.0,6383.0,6256.0,6302.0,572.0,10392.0,741.0,1378.0,1005.0,9650.0,8994.0,404.0,10338.0,0.0,569.0,756.0,810.0,600.0,1232.0,3181.0,641.0,852.0,1098.0,10652.0,2284.0,686.0,2173.0,1827.0,0.0,10470.0,3051.0,9542.0,1050.0,11460.0,795.0,1565.0,702.0,4047.0,1951.0,610.0,11514.0,10920.0,810.0,0.0,918.0,10758.0,10915.0,11406.0,1659.0,12890.0,3423.0,12356.0,1241.0,5163.0,10304.0,1263.0,2001.0,918.0,0.0,13496.0,11612.0,1080.0,582.0,600.0,6060.0,578.0,698.0,378.0,2521.0,627.0,6114.0,6114.0,4654.0,0.0,4725.0,486.0,516.0,266.0,424.0,1574.0,648.0,5963.0,577.0,540.0,225.0,5224.0,1145.0,432.0,0.0
2023-03-05 23:41:52,0.0,375.0,1167.0,432.0,7894.0,1627.0,444.0,538.0,1858.0,1180.0,7267.0,7760.0,7746.0,5153.0,7063.0,0.0,914.0,5568.0,4517.0,938.0,402.0,5838.0,1535.0,415.0,5839.0,5839.0,5415.0,5839.0,170.0,874.0,0.0,635.0,486.0,1151.0,310.0,306.0,1633.0,940.0,1290.0,3444.0,3340.0,627.0,594.0,463.0,845.0,0.0,3885.0,2409.0,582.0,9306.0,3140.0,8345.0,7335.0,9468.0,690.0,970.0,594.0,1040.0,9198.0,3905.0,0.0,1109.0,606.0,602.0,5832.0,4696.0,2055.0,6528.0,6856.0,4832.0,1455.0,1201.0,594.0,11136.0,4735.0,0.0,680.0,2981.0,3294.0,4335.0,10302.0,8623.0,11688.0,1145.0,4788.0,3519.0,4626.0,903.0,912.0,655.0,0.0,426.0,770.0,378.0,5112.0,2153.0,6022.0,902.0,6006.0,860.0,851.0,7604.0,2782.0,702.0,494.0,0.0,541.0,430.0,2864.0,7712.0,1636.0,626.0,9194.0,741.0,1669.0,717.0,9360.0,9410.0,698.0,7688.0,0.0,4713.0,702.0,1327.0,594.0,9198.0,1326.0,1396.0,642.0,1389.0,12896.0,2255.0,402.0,115.0,3776.0,0.0,10416.0,2282.0,10758.0,1000.0,4780.0,741.0,2344.0,756.0,7572.0,1691.0,1522.0,10758.0,10866.0,756.0,0.0,929.0,10758.0,8744.0,11406.0,816.0,12156.0,756.0,13950.0,864.0,3267.0,9977.0,1259.0,1375.0,810.0,0.0,12062.0,11688.0,2088.0,516.0,600.0,6114.0,486.0,688.0,564.0,532.0,594.0,6114.0,3956.0,6000.0,0.0,7332.0,859.0,528.0,1515.0,424.0,4788.0,1204.0,5982.0,486.0,765.0,621.0,6114.0,1099.0,432.0,0.0
2023-03-05 23:41:53,0.0,388.0,1100.0,594.0,7840.0,1651.0,492.0,614.0,1848.0,549.0,7760.0,7712.0,7607.0,939.0,5671.0,0.0,1060.0,5568.0,5684.0,1436.0,458.0,8622.0,1517.0,403.0,5839.0,5783.0,5415.0,5839.0,149.0,928.0,0.0,486.0,486.0,1581.0,270.0,434.0,292.0,509.0,995.0,4950.0,2416.0,359.0,2154.0,450.0,1545.0,0.0,6177.0,2534.0,445.0,9252.0,1913.0,5999.0,9411.0,10920.0,600.0,5825.0,540.0,978.0,9198.0,5117.0,0.0,1168.0,695.0,1980.0,4448.0,378.0,869.0,9124.0,6670.0,9198.0,3224.0,512.0,540.0,9744.0,10536.0,0.0,710.0,3568.0,1339.0,4389.0,11803.0,7980.0,11688.0,648.0,4113.0,4518.0,3951.0,583.0,566.0,594.0,0.0,516.0,612.0,569.0,4734.0,4279.0,4734.0,632.0,7352.0,1470.0,1463.0,4518.0,5242.0,702.0,432.0,0.0,1804.0,724.0,5158.0,7712.0,6310.0,544.0,7346.0,1509.0,1111.0,702.0,10812.0,9014.0,588.0,7939.0,0.0,378.0,702.0,1133.0,540.0,5664.0,1559.0,703.0,528.0,1062.0,10598.0,2080.0,712.0,2289.0,1581.0,0.0,10416.0,2964.0,10758.0,1137.0,10014.0,754.0,1590.0,702.0,8964.0,1863.0,722.0,10812.0,10866.0,756.0,0.0,810.0,12264.0,10254.0,11406.0,816.0,11422.0,810.0,12436.0,1526.0,1265.0,12318.0,1386.0,4325.0,967.0,0.0,13496.0,11089.0,1020.0,516.0,354.0,6060.0,4150.0,694.0,458.0,2706.0,540.0,6114.0,2562.0,7446.0,0.0,5898.0,486.0,516.0,390.0,926.0,2034.0,686.0,5849.0,432.0,594.0,300.0,4109.0,624.0,378.0,0.0
2023-03-05 23:41:54,0.0,375.0,581.0,1076.0,9354.0,1622.0,512.0,684.0,1935.0,4956.0,7760.0,7760.0,8027.0,1962.0,5671.0,0.0,878.0,5568.0,5671.0,1244.0,464.0,5889.0,319.0,403.0,5839.0,5839.0,5415.0,5839.0,332.0,874.0,0.0,740.0,432.0,624.0,336.0,530.0,379.0,3702.0,1342.0,4322.0,3228.0,464.0,1872.0,450.0,1228.0,0.0,8469.0,1609.0,540.0,3554.0,1983.0,5273.0,9414.0,6509.0,600.0,8666.0,1231.0,1040.0,7692.0,2687.0,0.0,1014.0,986.0,2962.0,5886.0,449.0,2116.0,4310.0,8184.0,5928.0,1728.0,502.0,594.0,11136.0,12096.0,0.0,734.0,1152.0,3716.0,4335.0,11747.0,10684.0,7560.0,594.0,4101.0,4976.0,5445.0,1216.0,1527.0,566.0,0.0,540.0,578.0,569.0,4680.0,4279.0,4318.0,589.0,7406.0,1412.0,821.0,6148.0,576.0,648.0,432.0,0.0,1902.0,639.0,4391.0,7712.0,4812.0,590.0,10812.0,741.0,1546.0,1250.0,10866.0,9414.0,614.0,9917.0,0.0,432.0,756.0,756.0,1858.0,10758.0,2231.0,628.0,744.0,1715.0,10652.0,2569.0,684.0,1317.0,2199.0,0.0,10470.0,10241.0,10758.0,1707.0,10014.0,741.0,1195.0,702.0,4363.0,2079.0,640.0,10812.0,10920.0,810.0,0.0,1856.0,10758.0,11634.0,11406.0,816.0,12210.0,1844.0,12382.0,1403.0,1739.0,8690.0,819.0,1180.0,864.0,0.0,12062.0,11634.0,540.0,1357.0,535.0,6060.0,5652.0,688.0,410.0,2231.0,574.0,6114.0,3657.0,6000.0,0.0,5833.0,659.0,516.0,407.0,926.0,2054.0,594.0,4415.0,486.0,1153.0,3750.0,2969.0,624.0,432.0,0.0
2023-03-05 23:41:55,0.0,388.0,1354.0,594.0,7894.0,1102.0,512.0,596.0,1913.0,7280.0,9194.0,7696.0,7705.0,7746.0,5671.0,0.0,920.0,5568.0,5671.0,1370.0,450.0,5831.0,2700.0,1904.0,5839.0,5839.0,5415.0,5005.0,226.0,524.0,0.0,490.0,432.0,506.0,324.0,632.0,403.0,569.0,1169.0,4950.0,3110.0,391.0,594.0,463.0,1149.0,0.0,2770.0,1115.0,486.0,9426.0,1925.0,5677.0,9468.0,9522.0,654.0,7444.0,1720.0,1808.0,7692.0,7198.0,0.0,1176.0,635.0,596.0,5392.0,4642.0,698.0,10275.0,8184.0,2291.0,1795.0,2560.0,486.0,11136.0,6780.0,0.0,630.0,2462.0,3294.0,0.0,10277.0,7386.0,10396.0,540.0,4788.0,4518.0,4680.0,693.0,870.0,648.0,0.0,564.0,588.0,378.0,4680.0,4279.0,4734.0,572.0,3334.0,772.0,686.0,7013.0,1980.0,1173.0,432.0,0.0,3086.0,776.0,1113.0,6310.0,4874.0,512.0,8790.0,720.0,1641.0,813.0,9360.0,8898.0,720.0,7230.0,0.0,378.0,756.0,1802.0,1737.0,1188.0,3638.0,1350.0,1164.0,3516.0,22114.0,3549.0,1514.0,3360.0,2592.0,0.0,20832.0,14764.0,21516.0,2164.0,20082.0,1482.0,2183.0,1458.0,8617.0,3767.0,1220.0,21570.0,21840.0,1512.0,0.0,3452.0,17964.0,20454.0,22812.0,1645.0,24366.0,3219.0,25034.0,3899.0,2941.0,19803.0,1888.0,5666.0,2486.0,0.0,23049.0,23322.0,972.0,1032.0,810.0,13554.0,1026.0,2625.0,888.0,1434.0,1263.0,12228.0,6830.0,3581.0,0.0,11003.0,1608.0,970.0,921.0,1178.0,6859.0,1188.0,10151.0,864.0,1620.0,425.0,6459.0,1716.0,810.0,0.0
2023-03-05 23:41:56,0.0,375.0,1538.0,594.0,7894.0,1135.0,468.0,590.0,594.0,7280.0,7760.0,7760.0,6777.0,7692.0,5671.0,0.0,860.0,5568.0,4600.0,1294.0,418.0,5676.0,216.0,403.0,5839.0,5839.0,5601.0,6326.0,513.0,728.0,0.0,591.0,432.0,506.0,324.0,509.0,1723.0,498.0,780.0,4950.0,2416.0,466.0,594.0,450.0,432.0,0.0,594.0,1040.0,486.0,6414.0,1898.0,3627.0,9414.0,9306.0,600.0,7444.0,1470.0,799.0,7692.0,7854.0,0.0,1134.0,778.0,1014.0,5832.0,378.0,698.0,8890.0,8184.0,5139.0,1671.0,1977.0,486.0,9744.0,2759.0,0.0,706.0,2831.0,2088.0,0.0,10038.0,9584.0,11688.0,540.0,4097.0,4518.0,3989.0,486.0,969.0,594.0,0.0,510.0,588.0,886.0,4680.0,4279.0,4734.0,907.0,7440.0,345.0,670.0,6096.0,1932.0,845.0,378.0,0.0,594.0,887.0,4183.0,6256.0,4866.0,512.0,9306.0,679.0,1489.0,648.0,9360.0,10920.0,680.0,8848.0,0.0,4713.0,648.0,1608.0,2430.0,1805.0,1833.0,628.0,528.0,2023.0,10598.0,1271.0,648.0,1319.0,3780.0,0.0,10416.0,10479.0,10758.0,1600.0,10014.0,754.0,636.0,702.0,5416.0,1635.0,610.0,10812.0,9360.0,756.0,0.0,1357.0,9740.0,10200.0,11406.0,1533.0,12210.0,756.0,12436.0,3054.0,2009.0,11798.0,568.0,3186.0,996.0,0.0,12062.0,11688.0,486.0,516.0,348.0,6060.0,540.0,688.0,418.0,3978.0,3415.0,6114.0,1974.0,3079.0,0.0,5181.0,723.0,1207.0,1196.0,388.0,4858.0,540.0,4574.0,432.0,1107.0,273.0,4169.0,688.0,432.0,0.0
2023-03-05 23:41:57,0.0,388.0,1286.0,654.0,7894.0,1316.0,556.0,542.0,1797.0,2930.0,7760.0,7760.0,483.0,7692.0,5671.0,0.0,824.0,5568.0,5237.0,889.0,438.0,5730.0,1503.0,403.0,5846.0,5839.0,5601.0,5066.0,619.0,712.0,0.0,706.0,432.0,1555.0,360.0,456.0,392.0,378.0,4237.0,4056.0,2010.0,445.0,606.0,463.0,692.0,0.0,5678.0,1040.0,486.0,7390.0,2472.0,8187.0,9414.0,9468.0,600.0,7930.0,1857.0,1040.0,6904.0,624.0,0.0,1094.0,703.0,1875.0,4526.0,509.0,698.0,7438.0,8184.0,2104.0,1002.0,1404.0,486.0,9744.0,10878.0,0.0,606.0,2997.0,2578.0,0.0,11472.0,7498.0,11688.0,540.0,4113.0,4518.0,4005.0,486.0,534.0,691.0,0.0,510.0,612.0,509.0,4680.0,4176.0,4072.0,892.0,6006.0,285.0,1808.0,4301.0,4680.0,648.0,483.0,0.0,3074.0,550.0,7548.0,6256.0,6342.0,512.0,7860.0,666.0,1135.0,648.0,9360.0,8738.0,648.0,9306.0,0.0,4582.0,702.0,1330.0,3024.0,2787.0,2030.0,628.0,420.0,977.0,10706.0,1593.0,578.0,1574.0,1188.0,0.0,10416.0,432.0,10758.0,1348.0,10014.0,790.0,1485.0,702.0,7640.0,2077.0,610.0,10812.0,10866.0,875.0,0.0,1413.0,10758.0,10200.0,11406.0,816.0,12210.0,2836.0,1989.0,810.0,590.0,12264.0,810.0,2345.0,810.0,0.0,11617.0,11688.0,486.0,516.0,348.0,6060.0,3831.0,688.0,438.0,532.0,1960.0,6114.0,2415.0,1692.0,0.0,5952.0,432.0,441.0,770.0,336.0,4866.0,540.0,4572.0,1401.0,540.0,815.0,1313.0,1125.0,432.0,0.0
2023-03-05 23:41:58,0.0,375.0,1481.0,1023.0,7894.0,1639.0,540.0,542.0,1123.0,728.0,7760.0,7760.0,595.0,1483.0,5671.0,0.0,920.0,5568.0,5671.0,1346.0,458.0,5568.0,1427.0,405.0,5839.0,5839.0,6557.0,5132.0,633.0,524.0,0.0,949.0,486.0,1028.0,324.0,511.0,733.0,504.0,4702.0,4950.0,3228.0,387.0,2793.0,525.0,518.0,0.0,3922.0,2497.0,486.0,4850.0,3456.0,10379.0,9414.0,9468.0,600.0,1845.0,702.0,1040.0,9198.0,7372.0,0.0,1008.0,597.0,596.0,4458.0,4582.0,1375.0,8078.0,7042.0,7707.0,1661.0,1399.0,486.0,9744.0,1129.0,0.0,694.0,2283.0,2651.0,0.0,11472.0,8538.0,11688.0,648.0,4788.0,4518.0,4680.0,486.0,458.0,758.0,0.0,510.0,679.0,3828.0,4680.0,4279.0,3625.0,1189.0,5830.0,0.0,983.0,3744.0,1969.0,951.0,594.0,0.0,1875.0,0.0,660.0,6256.0,3954.0,512.0,6627.0,741.0,1518.0,972.0,9360.0,8295.0,731.0,6627.0,0.0,378.0,702.0,1413.0,594.0,8628.0,1474.0,703.0,528.0,1679.0,9860.0,1587.0,894.0,2088.0,2107.0,0.0,11850.0,4299.0,10743.0,869.0,10014.0,741.0,1755.0,702.0,2491.0,2017.0,610.0,9701.0,10866.0,810.0,0.0,3226.0,12264.0,10200.0,11406.0,816.0,12210.0,3057.0,1889.0,810.0,1694.0,5065.0,1350.0,1898.0,810.0,0.0,11715.0,11688.0,588.0,570.0,348.0,6060.0,5174.0,688.0,458.0,2888.0,3314.0,6114.0,5019.0,2150.0,0.0,5952.0,432.0,441.0,794.0,336.0,4858.0,648.0,6015.0,432.0,594.0,113.0,540.0,688.0,432.0,0.0
2023-03-05 23:41:59,0.0,965.0,1122.0,594.0,7894.0,1522.0,548.0,1133.0,2301.0,837.0,7170.0,7170.0,778.0,1576.0,5671.0,0.0,974.0,5671.0,5568.0,1431.0,402.0,5784.0,319.0,418.0,5736.0,5736.0,5126.0,4171.0,406.0,874.0,0.0,607.0,432.0,1092.0,310.0,469.0,454.0,569.0,4440.0,4950.0,2416.0,618.0,594.0,1040.0,551.0,0.0,3897.0,450.0,486.0,3226.0,1974.0,9114.0,9414.0,9468.0,600.0,898.0,594.0,450.0,7692.0,4879.0,0.0,1258.0,505.0,1970.0,5392.0,4582.0,1375.0,5946.0,8370.0,7746.0,1221.0,520.0,540.0,9847.0,8133.0,0.0,678.0,3380.0,2010.0,275.0,11585.0,10974.0,10254.0,540.0,4788.0,4518.0,4626.0,486.0,1366.0,1124.0,0.0,564.0,600.0,564.0,4518.0,1068.0,4463.0,725.0,7440.0,854.0,945.0,7070.0,1429.0,594.0,432.0,0.0,2400.0,1293.0,3415.0,6256.0,4566.0,566.0,9306.0,1510.0,1452.0,626.0,7972.0,10974.0,720.0,9306.0,0.0,4522.0,702.0,911.0,3651.0,1064.0,1528.0,538.0,582.0,3184.0,3280.0,1078.0,672.0,3309.0,2897.0,0.0,10416.0,5431.0,9740.0,1733.0,10014.0,741.0,1682.0,702.0,9484.0,1506.0,418.0,8374.0,10866.0,756.0,0.0,810.0,10758.0,10200.0,11406.0,816.0,12210.0,756.0,12436.0,6392.0,600.0,873.0,1461.0,432.0,1619.0,0.0,11472.0,11634.0,1644.0,516.0,348.0,6060.0,4174.0,3557.0,402.0,472.0,4420.0,6114.0,1534.0,1762.0,0.0,5952.0,883.0,441.0,904.0,336.0,3485.0,665.0,4561.0,486.0,948.0,563.0,1084.0,624.0,432.0,0.0
2023-03-05 23:42:00,0.0,965.0,4408.0,486.0,7894.0,1287.0,516.0,590.0,594.0,769.0,7170.0,7170.0,5992.0,1280.0,5671.0,0.0,914.0,5671.0,5568.0,834.0,556.0,5784.0,1522.0,405.0,5736.0,5736.0,5498.0,5736.0,471.0,874.0,0.0,634.0,486.0,1659.0,310.0,398.0,120.0,432.0,4212.0,4950.0,3228.0,625.0,618.0,1809.0,1107.0,0.0,3926.0,1016.0,486.0,7432.0,2419.0,9114.0,9414.0,9252.0,600.0,1001.0,594.0,1040.0,9198.0,1489.0,0.0,1074.0,474.0,888.0,5886.0,432.0,698.0,8890.0,6910.0,5020.0,1256.0,1582.0,594.0,11239.0,1246.0,0.0,710.0,3663.0,2581.0,287.0,11472.0,10012.0,10254.0,594.0,4788.0,4572.0,4626.0,612.0,691.0,633.0,0.0,608.0,588.0,378.0,5220.0,1045.0,4595.0,417.0,7264.0,1340.0,434.0,6371.0,4680.0,1075.0,535.0,0.0,1898.0,575.0,4284.0,6256.0,5888.0,512.0,9306.0,741.0,1789.0,1455.0,9848.0,10974.0,660.0,10812.0,0.0,378.0,756.0,810.0,2330.0,1556.0,1420.0,525.0,480.0,3125.0,3531.0,1961.0,462.0,983.0,1658.0,0.0,10416.0,4585.0,9333.0,1259.0,10014.0,746.0,1189.0,702.0,4170.0,1962.0,1650.0,9828.0,12372.0,756.0,0.0,810.0,10758.0,10200.0,12798.0,816.0,12210.0,810.0,10782.0,864.0,995.0,12264.0,1369.0,3083.0,810.0,0.0,6309.0,11634.0,2090.0,516.0,348.0,6060.0,6708.0,646.0,482.0,596.0,540.0,6114.0,642.0,1715.0,0.0,5952.0,584.0,441.0,625.0,506.0,6294.0,735.0,4415.0,432.0,682.0,0.0,4680.0,624.0,432.0,0.0
2023-03-05 23:42:01,0.0,965.0,1974.0,594.0,7840.0,1311.0,492.0,548.0,648.0,790.0,7170.0,7170.0,7746.0,9198.0,5671.0,0.0,860.0,5671.0,5568.0,1427.0,466.0,7230.0,1608.0,380.0,5736.0,5672.0,5312.0,5736.0,669.0,524.0,0.0,486.0,486.0,560.0,270.0,507.0,875.0,564.0,4129.0,2659.0,3228.0,532.0,2154.0,1040.0,934.0,0.0,6790.0,525.0,486.0,2684.0,702.0,9114.0,9414.0,9468.0,664.0,858.0,540.0,375.0,9198.0,684.0,0.0,1022.0,349.0,3237.0,4448.0,509.0,762.0,8013.0,6856.0,9252.0,1359.0,520.0,540.0,11239.0,4244.0,0.0,564.0,3536.0,2607.0,281.0,10319.0,9286.0,6992.0,648.0,4788.0,4518.0,4626.0,904.0,626.0,573.0,0.0,510.0,534.0,569.0,4680.0,1260.0,3509.0,572.0,6006.0,1401.0,902.0,6947.0,996.0,702.0,485.0,0.0,2484.0,783.0,3547.0,6256.0,4035.0,512.0,3613.0,741.0,1655.0,702.0,9387.0,2215.0,534.0,5059.0,0.0,378.0,756.0,810.0,2049.0,1621.0,765.0,525.0,582.0,2881.0,10706.0,1724.0,616.0,5957.0,2807.0,0.0,11850.0,8776.0,9794.0,1551.0,10014.0,1456.0,1434.0,702.0,6659.0,2105.0,652.0,9955.0,10920.0,810.0,0.0,2843.0,10999.0,10200.0,11406.0,991.0,12276.0,2836.0,12436.0,918.0,1317.0,12264.0,1476.0,432.0,951.0,0.0,5952.0,13122.0,486.0,529.0,348.0,6114.0,486.0,2277.0,466.0,2021.0,1956.0,7548.0,3850.0,2773.0,0.0,4847.0,667.0,1209.0,861.0,674.0,3578.0,648.0,4561.0,432.0,963.0,508.0,2860.0,742.0,432.0,0.0
2023-03-05 23:42:03,0.0,1000.0,1522.0,594.0,7894.0,1825.0,492.0,602.0,648.0,7868.0,7170.0,7170.0,5461.0,4461.0,5678.0,0.0,824.0,7063.0,5568.0,1410.0,486.0,5838.0,1569.0,403.0,5736.0,7273.0,5312.0,5191.0,451.0,728.0,0.0,432.0,432.0,506.0,384.0,2031.0,678.0,504.0,4554.0,674.0,2084.0,687.0,2357.0,1040.0,1146.0,0.0,7237.0,450.0,1306.0,2496.0,702.0,9019.0,9394.0,9468.0,654.0,1302.0,594.0,1809.0,7692.0,684.0,0.0,1946.0,394.0,1499.0,5832.0,4522.0,762.0,5986.0,8184.0,9252.0,1683.0,1756.0,486.0,9847.0,8109.0,0.0,706.0,3790.0,2036.0,323.0,11741.0,7554.0,7293.0,892.0,4788.0,4518.0,4680.0,555.0,923.0,633.0,0.0,564.0,624.0,563.0,4680.0,1417.0,4361.0,964.0,7440.0,3153.0,759.0,6065.0,942.0,968.0,432.0,0.0,540.0,549.0,5155.0,7766.0,6318.0,442.0,8066.0,679.0,1168.0,702.0,8342.0,8228.0,624.0,6506.0,0.0,4659.0,756.0,836.0,2506.0,162.0,944.0,641.0,528.0,1544.0,7124.0,1580.0,576.0,1212.0,2508.0,0.0,10470.0,10230.0,10758.0,1762.0,10014.0,1541.0,1787.0,702.0,9746.0,2131.0,628.0,10344.0,10920.0,810.0,0.0,3186.0,7483.0,10254.0,11406.0,883.0,12210.0,2530.0,13896.0,1076.0,1594.0,12378.0,911.0,1302.0,1037.0,0.0,5948.0,11688.0,486.0,516.0,408.0,6634.0,1364.0,2062.0,486.0,532.0,693.0,6114.0,2904.0,4774.0,0.0,5952.0,768.0,516.0,956.0,513.0,2736.0,773.0,6036.0,378.0,330.0,71.0,618.0,688.0,432.0,0.0
2023-03-05 23:42:04,0.0,986.0,1492.0,594.0,7894.0,1590.0,508.0,1131.0,606.0,7952.0,7760.0,7170.0,6355.0,808.0,5671.0,0.0,920.0,5671.0,5671.0,1414.0,490.0,5838.0,1509.0,408.0,5839.0,5839.0,5312.0,5839.0,3270.0,712.0,0.0,580.0,378.0,1597.0,344.0,1699.0,635.0,378.0,3058.0,678.0,2416.0,2283.0,1132.0,1040.0,1053.0,0.0,6996.0,1215.0,689.0,1482.0,648.0,8984.0,10208.0,11028.0,648.0,866.0,594.0,1040.0,7638.0,3707.0,0.0,960.0,505.0,2037.0,5392.0,378.0,762.0,5986.0,8184.0,622.0,1364.0,516.0,540.0,9847.0,9261.0,0.0,746.0,2108.0,2361.0,273.0,11745.0,8532.0,5627.0,860.0,4788.0,3008.0,4680.0,540.0,823.0,594.0,0.0,564.0,588.0,3828.0,4680.0,1299.0,4693.0,953.0,7440.0,860.0,378.0,6148.0,498.0,648.0,432.0,0.0,540.0,546.0,4806.0,7766.0,4812.0,508.0,2228.0,741.0,1368.0,648.0,8342.0,2450.0,596.0,3620.0,0.0,4696.0,702.0,6176.0,1797.0,10704.0,804.0,651.0,420.0,1472.0,10598.0,1233.0,870.0,1518.0,1296.0,0.0,10416.0,4011.0,10758.0,2199.0,6651.0,816.0,1787.0,756.0,8188.0,1825.0,610.0,10812.0,10866.0,756.0,0.0,1242.0,7978.0,10254.0,11406.0,816.0,12210.0,1947.0,13896.0,1716.0,590.0,13824.0,1067.0,2094.0,810.0,0.0,7515.0,11688.0,486.0,516.0,348.0,6060.0,3420.0,748.0,490.0,472.0,3620.0,4173.0,6114.0,3992.0,0.0,4034.0,520.0,516.0,795.0,428.0,2261.0,648.0,6015.0,432.0,540.0,3510.0,2425.0,688.0,491.0,0.0
2023-03-05 23:42:05,0.0,965.0,923.0,626.0,2302.0,1482.0,638.0,602.0,1934.0,7970.0,7170.0,8508.0,537.0,1064.0,5671.0,0.0,860.0,5671.0,5568.0,1605.0,458.0,6026.0,319.0,5684.0,5839.0,5839.0,5312.0,5736.0,1826.0,524.0,0.0,788.0,432.0,560.0,384.0,450.0,416.0,504.0,3280.0,1035.0,4562.0,999.0,642.0,1040.0,898.0,0.0,6605.0,1188.0,1295.0,1094.0,2614.0,8849.0,9468.0,9304.0,684.0,1012.0,594.0,1053.0,9144.0,4795.0,0.0,692.0,474.0,649.0,4706.0,569.0,698.0,8312.0,8370.0,7799.0,1910.0,693.0,540.0,11239.0,1092.0,0.0,644.0,4977.0,4931.0,346.0,10313.0,11668.0,7785.0,1005.0,4842.0,4518.0,3908.0,486.0,1749.0,540.0,0.0,564.0,624.0,886.0,4680.0,1330.0,3976.0,706.0,7440.0,860.0,378.0,7604.0,3246.0,648.0,432.0,0.0,648.0,542.0,648.0,7712.0,2780.0,626.0,9252.0,741.0,1908.0,702.0,11094.0,10920.0,564.0,10812.0,0.0,378.0,756.0,810.0,1387.0,10704.0,1867.0,1206.0,528.0,1382.0,10760.0,1272.0,672.0,1056.0,2149.0,0.0,10416.0,2045.0,10758.0,2279.0,10014.0,741.0,1639.0,756.0,6160.0,1658.0,610.0,10812.0,10920.0,756.0,0.0,864.0,10758.0,10254.0,11460.0,1533.0,12210.0,2366.0,12436.0,1092.0,1412.0,3813.0,1015.0,2177.0,864.0,0.0,6209.0,11688.0,552.0,516.0,402.0,6060.0,3768.0,2312.0,458.0,1852.0,648.0,6114.0,5460.0,3789.0,0.0,5898.0,486.0,529.0,983.0,489.0,3168.0,694.0,5938.0,586.0,540.0,311.0,1539.0,688.0,3513.0,0.0
2023-03-05 23:42:06,0.0,965.0,3819.0,1137.0,1331.0,1165.0,472.0,660.0,1921.0,7967.0,7760.0,7760.0,713.0,1099.0,7063.0,0.0,878.0,5671.0,5568.0,1432.0,474.0,5972.0,2812.0,5671.0,5839.0,5743.0,5498.0,5839.0,565.0,874.0,0.0,432.0,432.0,1541.0,364.0,601.0,559.0,815.0,3216.0,552.0,4562.0,825.0,594.0,1053.0,1146.0,0.0,7651.0,1973.0,1489.0,4092.0,1914.0,8849.0,9414.0,9468.0,698.0,983.0,594.0,965.0,9144.0,2523.0,0.0,1991.0,1001.0,3370.0,4448.0,4522.0,752.0,9468.0,6856.0,9198.0,1594.0,697.0,486.0,10128.0,20118.0,0.0,718.0,270.0,4243.0,4576.0,11720.0,11152.0,9049.0,540.0,4788.0,4518.0,4680.0,486.0,1309.0,594.0,0.0,564.0,534.0,449.0,4734.0,1131.0,4734.0,829.0,7318.0,845.0,653.0,7521.0,2368.0,579.0,432.0,0.0,648.0,612.0,1217.0,6256.0,6342.0,626.0,8081.0,729.0,1747.0,648.0,10812.0,6737.0,550.0,8081.0,0.0,378.0,756.0,756.0,1784.0,1038.0,6072.0,1203.0,528.0,1142.0,11354.0,2497.0,532.0,895.0,895.0,0.0,10416.0,3550.0,8289.0,1382.0,11406.0,754.0,1974.0,702.0,3274.0,1978.0,674.0,12318.0,10920.0,756.0,0.0,810.0,9798.0,10254.0,11406.0,1586.0,12156.0,768.0,12436.0,864.0,3448.0,9458.0,1919.0,1228.0,810.0,0.0,8904.0,11634.0,1580.0,516.0,402.0,6114.0,486.0,3569.0,474.0,950.0,2889.0,6114.0,4555.0,6162.0,0.0,7332.0,1173.0,516.0,433.0,512.0,3406.0,789.0,5942.0,486.0,941.0,108.0,2850.0,624.0,3315.0,0.0
2023-03-05 23:42:07,0.0,981.0,1728.0,1003.0,1205.0,1317.0,484.0,548.0,648.0,7351.0,7760.0,7760.0,3539.0,1412.0,5676.0,0.0,974.0,5671.0,3896.0,1331.0,426.0,5972.0,2814.0,5671.0,5839.0,5839.0,5312.0,5736.0,793.0,874.0,0.0,517.0,432.0,2194.0,348.0,558.0,295.0,449.0,3282.0,552.0,1598.0,1146.0,618.0,1051.0,1008.0,0.0,5092.0,450.0,1077.0,9306.0,2251.0,9075.0,9414.0,8016.0,600.0,5104.0,540.0,965.0,9144.0,3584.0,0.0,1154.0,612.0,2155.0,4394.0,378.0,1471.0,5088.0,8370.0,9213.0,2380.0,768.0,594.0,9847.0,10866.0,0.0,686.0,3329.0,3131.0,4626.0,11747.0,10926.0,7686.0,594.0,4788.0,4518.0,4680.0,708.0,756.0,594.0,0.0,510.0,624.0,3828.0,4680.0,1188.0,608.0,884.0,6006.0,819.0,999.0,7521.0,6658.0,702.0,378.0,0.0,2362.0,1161.0,6114.0,6256.0,5241.0,626.0,8428.0,718.0,1598.0,803.0,9306.0,8590.0,680.0,9306.0,0.0,503.0,702.0,810.0,2157.0,8001.0,1958.0,538.0,474.0,1887.0,10598.0,2673.0,882.0,2054.0,4259.0,0.0,10416.0,2846.0,10758.0,1809.0,10014.0,741.0,1403.0,702.0,5285.0,2147.0,610.0,10758.0,10866.0,756.0,0.0,1591.0,9740.0,11634.0,12798.0,819.0,12156.0,756.0,12382.0,810.0,600.0,10818.0,936.0,2556.0,983.0,0.0,10840.0,11634.0,1656.0,529.0,402.0,6060.0,5264.0,2008.0,426.0,1906.0,3024.0,6114.0,3750.0,1219.0,0.0,5952.0,586.0,441.0,624.0,1317.0,3986.0,735.0,4556.0,1105.0,715.0,574.0,4561.0,624.0,3245.0,0.0
2023-03-05 23:42:08,0.0,965.0,742.0,594.0,1914.0,1633.0,492.0,538.0,594.0,7851.0,7760.0,7760.0,6651.0,466.0,5671.0,0.0,974.0,5680.0,5671.0,1019.0,426.0,6226.0,319.0,1178.0,5839.0,5842.0,5415.0,5839.0,567.0,874.0,0.0,726.0,378.0,1142.0,364.0,434.0,216.0,3762.0,3162.0,552.0,3922.0,740.0,2154.0,1110.0,852.0,0.0,648.0,2245.0,850.0,5938.0,1874.0,9024.0,9414.0,9468.0,1021.0,7597.0,540.0,1040.0,7638.0,9253.0,0.0,1142.0,610.0,3144.0,5832.0,569.0,1452.0,2776.0,8184.0,9252.0,790.0,766.0,594.0,11239.0,10866.0,0.0,652.0,1171.0,756.0,4600.0,11744.0,12480.0,5996.0,594.0,4788.0,3413.0,4680.0,486.0,1331.0,540.0,0.0,510.0,588.0,881.0,4680.0,1005.0,421.0,939.0,5397.0,960.0,721.0,7604.0,2033.0,1309.0,378.0,0.0,540.0,1295.0,6114.0,6256.0,2451.0,442.0,7840.0,741.0,1480.0,1399.0,9360.0,9454.0,644.0,6340.0,0.0,4713.0,702.0,1436.0,1628.0,7034.0,1608.0,1345.0,798.0,2080.0,10760.0,2619.0,636.0,2000.0,3592.0,0.0,10416.0,9624.0,9333.0,858.0,10014.0,741.0,1005.0,702.0,3582.0,2119.0,610.0,10758.0,9586.0,756.0,0.0,1105.0,10758.0,10200.0,11406.0,840.0,12156.0,756.0,12382.0,864.0,1743.0,12264.0,999.0,899.0,864.0,0.0,8822.0,11634.0,486.0,516.0,402.0,6060.0,5257.0,3637.0,426.0,2687.0,1595.0,6114.0,594.0,432.0,0.0,5952.0,387.0,441.0,416.0,1210.0,4920.0,594.0,4587.0,378.0,720.0,0.0,4026.0,624.0,1670.0,0.0
2023-03-05 23:42:09,0.0,965.0,801.0,594.0,7894.0,2022.0,492.0,582.0,2455.0,7751.0,7760.0,7760.0,5536.0,4474.0,5671.0,0.0,914.0,5671.0,5671.0,718.0,442.0,7509.0,332.0,715.0,5839.0,5839.0,5312.0,5839.0,582.0,874.0,0.0,486.0,432.0,1131.0,270.0,413.0,587.0,886.0,4554.0,606.0,3922.0,417.0,2366.0,1053.0,962.0,0.0,8087.0,2151.0,6519.0,3979.0,2367.0,8838.0,10974.0,9468.0,600.0,7514.0,594.0,1040.0,7692.0,684.0,0.0,1162.0,698.0,3557.0,5446.0,4522.0,762.0,6744.0,8184.0,7972.0,817.0,572.0,594.0,11239.0,1506.0,0.0,636.0,2365.0,3012.0,4604.0,10325.0,12534.0,9898.0,594.0,4788.0,4518.0,4626.0,876.0,917.0,540.0,0.0,510.0,600.0,378.0,4302.0,4317.0,456.0,904.0,6006.0,2666.0,854.0,6148.0,606.0,702.0,378.0,0.0,2345.0,1461.0,1448.0,7712.0,2098.0,442.0,9306.0,754.0,1610.0,871.0,9848.0,10920.0,624.0,10758.0,0.0,4522.0,702.0,1276.0,4369.0,10758.0,840.0,750.0,582.0,2333.0,11354.0,2902.0,486.0,1696.0,2290.0,0.0,10416.0,8283.0,9794.0,1867.0,7105.0,741.0,969.0,810.0,8544.0,2367.0,162.0,10758.0,10866.0,756.0,0.0,864.0,7928.0,10200.0,11406.0,891.0,12222.0,756.0,12382.0,918.0,1682.0,1054.0,549.0,9078.0,864.0,0.0,11233.0,13122.0,486.0,516.0,402.0,5356.0,1980.0,688.0,496.0,3109.0,687.0,7548.0,606.0,5878.0,0.0,5952.0,981.0,441.0,424.0,1204.0,4928.0,594.0,4586.0,378.0,657.0,3641.0,3740.0,742.0,432.0,0.0
2023-03-05 23:42:10,0.0,1754.0,3769.0,648.0,7894.0,1626.0,582.0,596.0,648.0,8390.0,7760.0,9194.0,433.0,7692.0,5671.0,0.0,878.0,7063.0,5678.0,670.0,426.0,6026.0,2523.0,807.0,5839.0,7273.0,5415.0,5839.0,634.0,874.0,0.0,486.0,486.0,2078.0,282.0,394.0,595.0,569.0,4608.0,588.0,2149.0,777.0,1777.0,1040.0,1200.0,0.0,594.0,1040.0,894.0,1199.0,2454.0,9060.0,9414.0,9468.0,600.0,7125.0,594.0,1091.0,7758.0,6071.0,0.0,1083.0,1002.0,1916.0,5886.0,378.0,752.0,6914.0,8370.0,4058.0,1498.0,1143.0,540.0,9847.0,2869.0,0.0,698.0,3747.0,864.0,286.0,11719.0,9756.0,11688.0,594.0,4842.0,3973.0,4626.0,486.0,1703.0,594.0,0.0,662.0,534.0,3888.0,4734.0,2014.0,402.0,923.0,7264.0,2255.0,918.0,5775.0,3246.0,594.0,486.0,0.0,594.0,1844.0,672.0,7712.0,1553.0,442.0,2307.0,1458.0,1846.0,1365.0,9441.0,1089.0,554.0,3645.0,0.0,378.0,756.0,1794.0,3018.0,1459.0,2025.0,786.0,582.0,8169.0,10598.0,1646.0,980.0,694.0,378.0,0.0,10416.0,9599.0,9740.0,848.0,11406.0,754.0,1022.0,702.0,10571.0,2084.0,704.0,10812.0,10920.0,756.0,0.0,810.0,7860.0,10254.0,11460.0,883.0,12156.0,756.0,13950.0,1304.0,2284.0,12146.0,2838.0,1076.0,810.0,0.0,7141.0,11688.0,486.0,516.0,462.0,6060.0,1980.0,2178.0,426.0,2745.0,638.0,6114.0,7548.0,2575.0,0.0,5952.0,495.0,441.0,328.0,1192.0,4866.0,594.0,5999.0,378.0,540.0,131.0,4313.0,688.0,432.0,0.0
2023-03-05 23:42:11,0.0,1765.0,6102.0,594.0,6186.0,1581.0,444.0,596.0,1872.0,9198.0,7760.0,7760.0,651.0,7692.0,11239.0,0.0,1852.0,11342.0,11252.0,3976.0,836.0,11167.0,1796.0,706.0,11575.0,11575.0,12055.0,11575.0,919.0,874.0,0.0,665.0,486.0,624.0,310.0,528.0,359.0,378.0,4554.0,648.0,3228.0,395.0,3400.0,1578.0,1087.0,0.0,7208.0,3213.0,1693.0,17172.0,9702.0,19026.0,18828.0,18936.0,1288.0,4399.0,1134.0,1519.0,16836.0,1718.0,0.0,1845.0,1488.0,3686.0,8906.0,1013.0,1460.0,16088.0,15226.0,10632.0,3194.0,2048.0,1080.0,20983.0,19608.0,0.0,1392.0,5397.0,2701.0,4589.0,23211.0,23128.0,13384.0,1188.0,9576.0,9036.0,9306.0,972.0,1804.0,1188.0,0.0,1074.0,1228.0,1073.0,9360.0,9198.0,1185.0,1838.0,9098.0,1568.0,2207.0,13752.0,2520.0,1296.0,810.0,0.0,2400.0,1404.0,4799.0,15424.0,9752.0,1008.0,14426.0,2177.0,3329.0,4762.0,19063.0,14750.0,1244.0,13072.0,0.0,4954.0,1350.0,1566.0,4588.0,9834.0,1706.0,1195.0,1218.0,21786.0,21412.0,4064.0,1174.0,8399.0,3822.0,0.0,20886.0,1043.0,21903.0,2995.0,20028.0,1570.0,1346.0,1404.0,14859.0,4141.0,1268.0,21570.0,12790.0,1566.0,0.0,1728.0,19077.0,21888.0,24204.0,1648.0,24366.0,1512.0,24584.0,1674.0,5573.0,17038.0,3150.0,4716.0,1987.0,0.0,21477.0,23322.0,2676.0,1086.0,750.0,12174.0,8766.0,5836.0,836.0,3700.0,5922.0,12282.0,12228.0,8639.0,0.0,11904.0,1159.0,957.0,1008.0,1256.0,6240.0,1188.0,10304.0,1336.0,1258.0,4422.0,1188.0,1312.0,864.0,0.0
2023-03-05 23:42:12,0.0,965.0,7638.0,594.0,7840.0,1495.0,432.0,644.0,648.0,7908.0,7760.0,7760.0,778.0,721.0,5671.0,0.0,860.0,5568.0,5671.0,689.0,458.0,5972.0,899.0,403.0,5839.0,5839.0,5415.0,5839.0,643.0,524.0,0.0,819.0,486.0,2190.0,326.0,451.0,670.0,564.0,4695.0,612.0,3228.0,395.0,1128.0,1757.0,486.0,0.0,3528.0,1986.0,973.0,7443.0,1791.0,9114.0,9414.0,7120.0,636.0,1124.0,540.0,978.0,9198.0,2601.0,0.0,1268.0,1013.0,3549.0,4330.0,4456.0,762.0,7150.0,6670.0,5706.0,3378.0,816.0,594.0,11239.0,1338.0,0.0,604.0,1158.0,756.0,277.0,10151.0,11964.0,6657.0,648.0,4788.0,4518.0,4626.0,486.0,1299.0,540.0,0.0,564.0,588.0,378.0,4680.0,2021.0,658.0,974.0,7440.0,2056.0,657.0,7604.0,1603.0,648.0,432.0,0.0,2455.0,504.0,2481.0,6256.0,4828.0,566.0,9512.0,666.0,1415.0,718.0,8234.0,9620.0,656.0,9306.0,0.0,569.0,864.0,810.0,594.0,9198.0,648.0,647.0,582.0,10866.0,11300.0,1081.0,462.0,658.0,540.0,0.0,10416.0,16357.0,9740.0,1330.0,10014.0,741.0,968.0,702.0,3992.0,1465.0,610.0,10812.0,13932.0,756.0,0.0,810.0,10758.0,10254.0,11406.0,816.0,12210.0,756.0,10928.0,864.0,1374.0,12264.0,810.0,3454.0,896.0,0.0,11932.0,11688.0,1526.0,516.0,348.0,4852.0,3991.0,698.0,458.0,1967.0,1087.0,6114.0,4454.0,2302.0,0.0,5898.0,495.0,516.0,216.0,711.0,4842.0,648.0,6016.0,486.0,549.0,294.0,594.0,688.0,378.0,0.0
2023-03-05 23:42:13,0.0,978.0,1259.0,594.0,7840.0,1059.0,484.0,582.0,1808.0,7908.0,7760.0,7760.0,3650.0,751.0,5671.0,0.0,824.0,5568.0,5671.0,812.0,410.0,5972.0,322.0,403.0,5839.0,5839.0,5415.0,5839.0,926.0,728.0,0.0,486.0,486.0,2193.0,310.0,380.0,605.0,564.0,5283.0,612.0,1858.0,386.0,594.0,965.0,487.0,0.0,8099.0,2309.0,486.0,1211.0,2969.0,7658.0,9414.0,9468.0,636.0,1141.0,540.0,965.0,9198.0,684.0,0.0,658.0,564.0,3726.0,4394.0,378.0,1583.0,7962.0,6670.0,3602.0,798.0,716.0,594.0,11524.0,9099.0,0.0,1196.0,2108.0,756.0,281.0,10319.0,8378.0,10200.0,648.0,4788.0,4518.0,4626.0,486.0,1140.0,540.0,0.0,564.0,624.0,498.0,4680.0,3418.0,2980.0,939.0,7210.0,1109.0,800.0,7604.0,950.0,648.0,540.0,0.0,594.0,3311.0,4772.0,6256.0,6140.0,512.0,6319.0,684.0,1542.0,648.0,9306.0,7933.0,636.0,4873.0,0.0,4642.0,702.0,810.0,2850.0,9036.0,648.0,628.0,582.0,10812.0,10598.0,1400.0,594.0,1735.0,1242.0,0.0,10416.0,7742.0,9252.0,10542.0,10014.0,754.0,2831.0,702.0,702.0,1619.0,610.0,10812.0,10866.0,756.0,0.0,756.0,10758.0,10254.0,11406.0,816.0,12210.0,756.0,12382.0,864.0,2066.0,6498.0,1089.0,720.0,756.0,0.0,12062.0,11688.0,1123.0,529.0,348.0,6060.0,5285.0,3441.0,410.0,1953.0,594.0,6060.0,1150.0,6000.0,0.0,5898.0,270.0,1233.0,1024.0,669.0,4842.0,1474.0,5977.0,618.0,324.0,378.0,5237.0,688.0,378.0,0.0
2023-03-05 23:42:14,0.0,965.0,1333.0,661.0,7840.0,1360.0,532.0,646.0,1628.0,7908.0,7760.0,7760.0,7692.0,7692.0,5671.0,0.0,1234.0,5568.0,5718.0,1009.0,426.0,5972.0,322.0,383.0,6326.0,5839.0,5601.0,5839.0,1260.0,712.0,0.0,828.0,486.0,1142.0,310.0,344.0,378.0,378.0,4695.0,714.0,2416.0,516.0,1396.0,1040.0,486.0,0.0,8668.0,1040.0,486.0,7390.0,1568.0,9114.0,9414.0,8532.0,636.0,7803.0,540.0,978.0,9198.0,6038.0,0.0,2877.0,471.0,270.0,4394.0,635.0,762.0,7962.0,6670.0,4821.0,2330.0,802.0,594.0,11239.0,4436.0,0.0,624.0,3496.0,1914.0,267.0,10305.0,10450.0,10254.0,648.0,4788.0,4518.0,4626.0,486.0,994.0,540.0,0.0,564.0,588.0,569.0,4680.0,4420.0,1842.0,926.0,7440.0,1295.0,868.0,7223.0,832.0,648.0,759.0,0.0,1818.0,854.0,1220.0,6256.0,4150.0,566.0,9306.0,678.0,728.0,908.0,8288.0,10920.0,640.0,9306.0,0.0,378.0,702.0,810.0,594.0,4536.0,648.0,682.0,420.0,10866.0,10814.0,1466.0,576.0,1160.0,378.0,0.0,10416.0,8960.0,8872.0,10704.0,10014.0,1456.0,1485.0,702.0,6615.0,1844.0,610.0,10812.0,10866.0,756.0,0.0,1304.0,10758.0,10254.0,11406.0,816.0,12210.0,756.0,12382.0,864.0,1190.0,6602.0,1472.0,1022.0,810.0,0.0,12062.0,11688.0,1508.0,516.0,348.0,6060.0,1079.0,634.0,426.0,1391.0,2006.0,4827.0,2415.0,3346.0,0.0,5898.0,541.0,1285.0,791.0,1170.0,3406.0,648.0,5978.0,486.0,699.0,886.0,6114.0,712.0,378.0,0.0
2023-03-05 23:42:15,0.0,1943.0,2147.0,2854.0,15734.0,3118.0,996.0,1144.0,3517.0,15816.0,16364.0,14778.0,12751.0,8882.0,12631.0,0.0,1798.0,11242.0,13054.0,2514.0,894.0,11998.0,3596.0,695.0,11575.0,11575.0,10727.0,11575.0,1406.0,1398.0,0.0,1136.0,864.0,1205.0,792.0,1047.0,608.0,4397.0,8000.0,1409.0,6435.0,1369.0,1188.0,1539.0,1058.0,0.0,15488.0,4402.0,1080.0,7240.0,4798.0,18228.0,20388.0,20442.0,1226.0,10410.0,1134.0,2132.0,16836.0,2495.0,0.0,1458.0,1414.0,2995.0,8974.0,5091.0,2201.0,17436.0,14854.0,5377.0,4243.0,1649.0,1134.0,22659.0,14975.0,0.0,1278.0,5634.0,1566.0,4611.0,21786.0,20556.0,21942.0,2334.0,9576.0,10470.0,10812.0,1080.0,2834.0,1134.0,0.0,1074.0,1240.0,4266.0,9360.0,1939.0,9522.0,1704.0,13270.0,2251.0,1621.0,13334.0,2155.0,1350.0,810.0,0.0,2492.0,1075.0,12565.0,14022.0,11208.0,1024.0,10348.0,1407.0,2813.0,1941.0,20172.0,10630.0,1236.0,11740.0,0.0,4960.0,1458.0,1620.0,1188.0,3247.0,1296.0,1350.0,1434.0,21732.0,20372.0,4231.0,1930.0,3021.0,1566.0,0.0,22266.0,13841.0,21388.0,22644.0,20082.0,2277.0,2143.0,1512.0,13348.0,4415.0,1220.0,21624.0,21786.0,1566.0,0.0,1620.0,22496.0,20454.0,22812.0,1632.0,24366.0,1566.0,26332.0,1728.0,2971.0,10949.0,1802.0,4058.0,1724.0,0.0,23534.0,23376.0,1510.0,1045.0,750.0,12120.0,6258.0,1322.0,906.0,5273.0,7528.0,11119.0,1290.0,9275.0,0.0,13284.0,972.0,957.0,1704.0,2078.0,3630.0,2169.0,11746.0,864.0,1080.0,881.0,10794.0,1424.0,3527.0,0.0
2023-03-05 23:42:16,0.0,450.0,2430.0,1136.0,7840.0,1644.0,534.0,590.0,3073.0,4950.0,7170.0,7170.0,6948.0,7692.0,5568.0,0.0,1120.0,5568.0,5756.0,1376.0,474.0,5972.0,1419.0,300.0,5736.0,5736.0,5126.0,5736.0,346.0,928.0,0.0,486.0,486.0,624.0,326.0,722.0,343.0,564.0,4695.0,618.0,4734.0,619.0,594.0,469.0,486.0,0.0,4767.0,654.0,486.0,1100.0,702.0,9114.0,9414.0,9468.0,600.0,1224.0,540.0,1145.0,9198.0,3749.0,0.0,1572.0,349.0,2160.0,4448.0,4396.0,2787.0,7962.0,8556.0,7775.0,6825.0,998.0,594.0,11136.0,10677.0,0.0,664.0,3041.0,810.0,0.0,10038.0,10574.0,11688.0,594.0,6294.0,4518.0,4626.0,486.0,731.0,540.0,0.0,564.0,600.0,618.0,4680.0,4176.0,3288.0,907.0,7440.0,254.0,452.0,7658.0,1986.0,594.0,432.0,0.0,1902.0,573.0,378.0,6256.0,6206.0,512.0,9134.0,741.0,1843.0,702.0,10812.0,10802.0,604.0,10206.0,0.0,378.0,702.0,810.0,594.0,2888.0,594.0,538.0,582.0,10866.0,11246.0,1067.0,682.0,1576.0,378.0,0.0,10470.0,10176.0,10758.0,10704.0,10014.0,754.0,895.0,702.0,9119.0,1127.0,610.0,10542.0,10866.0,810.0,0.0,864.0,9071.0,10254.0,11406.0,816.0,12156.0,756.0,12382.0,864.0,1659.0,9412.0,1185.0,2051.0,864.0,0.0,13496.0,11688.0,486.0,516.0,402.0,6060.0,4860.0,3534.0,474.0,3347.0,1470.0,6114.0,1322.0,7446.0,0.0,5952.0,1884.0,516.0,613.0,453.0,2452.0,594.0,5736.0,432.0,3444.0,886.0,898.0,712.0,2168.0,0.0
2023-03-05 23:42:17,0.0,965.0,1973.0,1399.0,7894.0,1488.0,524.0,542.0,2936.0,7908.0,7170.0,330.0,566.0,2646.0,5568.0,0.0,974.0,7063.0,5756.0,1191.0,414.0,3094.0,1428.0,787.0,5736.0,5736.0,5126.0,5736.0,775.0,874.0,0.0,1138.0,432.0,570.0,310.0,426.0,108.0,432.0,4695.0,705.0,2312.0,672.0,648.0,1115.0,2373.0,0.0,594.0,450.0,486.0,4369.0,702.0,1292.0,9468.0,9468.0,600.0,1581.0,594.0,450.0,7692.0,624.0,0.0,1289.0,488.0,1084.0,1011.0,432.0,2136.0,7914.0,7998.0,7692.0,6768.0,1111.0,540.0,9847.0,9261.0,0.0,708.0,1277.0,756.0,113.0,11526.0,10974.0,11688.0,648.0,4788.0,4518.0,4626.0,486.0,711.0,648.0,0.0,510.0,534.0,378.0,5058.0,4054.0,4734.0,1157.0,5830.0,717.0,721.0,6851.0,606.0,702.0,378.0,0.0,1682.0,567.0,6114.0,6256.0,2137.0,566.0,5854.0,700.0,853.0,702.0,10915.0,5612.0,1122.0,4660.0,0.0,378.0,810.0,756.0,662.0,10020.0,648.0,646.0,480.0,10920.0,12112.0,1335.0,438.0,3469.0,378.0,0.0,10416.0,5502.0,10758.0,10542.0,10014.0,741.0,5793.0,756.0,702.0,1812.0,1458.0,10758.0,12426.0,756.0,0.0,810.0,10525.0,10254.0,11406.0,816.0,12210.0,756.0,12382.0,810.0,0.0,11482.0,1297.0,2141.0,810.0,0.0,11472.0,11688.0,486.0,529.0,348.0,6060.0,4663.0,2302.0,414.0,3010.0,606.0,5065.0,3432.0,6000.0,0.0,5898.0,723.0,516.0,962.0,458.0,1463.0,648.0,5736.0,486.0,777.0,378.0,884.0,712.0,1339.0,0.0
2023-03-05 23:42:18,0.0,965.0,1498.0,692.0,7894.0,1656.0,480.0,612.0,1813.0,7908.0,7170.0,330.0,468.0,1080.0,5568.0,0.0,914.0,5671.0,4384.0,1169.0,402.0,6026.0,2163.0,2434.0,2868.0,5736.0,5312.0,5736.0,820.0,874.0,0.0,1125.0,486.0,637.0,310.0,422.0,376.0,564.0,4695.0,807.0,1656.0,450.0,792.0,1040.0,1231.0,0.0,6552.0,450.0,540.0,8635.0,1783.0,6039.0,10920.0,11028.0,600.0,1458.0,594.0,468.0,9198.0,3736.0,0.0,1053.0,505.0,793.0,2217.0,695.0,698.0,9382.0,7998.0,7692.0,2963.0,1005.0,709.0,11239.0,1569.0,0.0,612.0,3828.0,702.0,0.0,11472.0,12480.0,10254.0,648.0,4788.0,4518.0,4626.0,1210.0,606.0,540.0,0.0,510.0,588.0,498.0,4680.0,1863.0,2983.0,881.0,6060.0,818.0,959.0,7604.0,1549.0,702.0,378.0,0.0,1111.0,432.0,5284.0,7712.0,2556.0,496.0,10812.0,720.0,678.0,733.0,10191.0,9414.0,588.0,10758.0,0.0,569.0,756.0,756.0,6389.0,1059.0,648.0,687.0,781.0,10866.0,10868.0,1061.0,594.0,1615.0,540.0,0.0,10416.0,2836.0,10758.0,11136.0,10014.0,633.0,2747.0,756.0,4996.0,1494.0,646.0,8014.0,5810.0,756.0,0.0,810.0,5278.0,10254.0,11406.0,1534.0,12210.0,864.0,12436.0,903.0,793.0,12318.0,1443.0,432.0,892.0,0.0,11472.0,11634.0,540.0,516.0,348.0,6060.0,2671.0,634.0,402.0,3280.0,3601.0,4602.0,2475.0,6000.0,0.0,5898.0,996.0,516.0,393.0,534.0,1714.0,648.0,5736.0,432.0,1234.0,4019.0,3632.0,624.0,1893.0,0.0
2023-03-05 23:42:19,0.0,965.0,1322.0,2448.0,7894.0,1602.0,516.0,536.0,1816.0,7908.0,7170.0,7170.0,597.0,6360.0,5568.0,0.0,824.0,5672.0,5756.0,1370.0,398.0,6094.0,216.0,4162.0,5736.0,5736.0,6640.0,5736.0,998.0,728.0,0.0,486.0,486.0,620.0,318.0,498.0,182.0,881.0,4801.0,612.0,1376.0,513.0,594.0,1045.0,486.0,0.0,1425.0,1759.0,534.0,1217.0,648.0,869.0,9414.0,9468.0,600.0,1244.0,594.0,468.0,9198.0,4368.0,0.0,702.0,733.0,2537.0,5832.0,4396.0,811.0,7070.0,7042.0,3649.0,4864.0,1056.0,432.0,11529.0,8147.0,0.0,612.0,3365.0,756.0,149.0,10038.0,12480.0,11688.0,594.0,4788.0,4518.0,4626.0,506.0,1529.0,540.0,0.0,564.0,632.0,564.0,4734.0,2960.0,301.0,864.0,6006.0,366.0,987.0,6148.0,3971.0,702.0,535.0,0.0,3477.0,519.0,1616.0,7712.0,6310.0,496.0,6381.0,666.0,1421.0,860.0,8277.0,6489.0,552.0,3381.0,0.0,4713.0,756.0,810.0,594.0,1111.0,648.0,525.0,944.0,10866.0,11246.0,624.0,612.0,5251.0,1296.0,0.0,10416.0,3464.0,9306.0,9283.0,11406.0,754.0,456.0,702.0,10692.0,973.0,716.0,11740.0,10920.0,756.0,0.0,810.0,6064.0,10254.0,12798.0,1596.0,11535.0,756.0,12436.0,864.0,2858.0,12318.0,1074.0,432.0,973.0,0.0,12906.0,11634.0,510.0,586.0,348.0,6060.0,3652.0,688.0,290.0,2027.0,2940.0,2233.0,6114.0,1870.0,0.0,5898.0,540.0,516.0,792.0,616.0,3344.0,594.0,5736.0,432.0,540.0,628.0,618.0,624.0,3261.0,0.0
2023-03-05 23:42:20,0.0,375.0,1574.0,656.0,7840.0,1564.0,524.0,596.0,594.0,7962.0,7170.0,7170.0,2147.0,5303.0,5568.0,0.0,920.0,5671.0,5756.0,1642.0,430.0,6026.0,264.0,300.0,5736.0,5736.0,5312.0,5736.0,725.0,712.0,0.0,432.0,486.0,519.0,294.0,598.0,162.0,449.0,4695.0,612.0,2416.0,622.0,594.0,1040.0,432.0,0.0,6088.0,1621.0,486.0,6869.0,1008.0,3067.0,9414.0,9468.0,600.0,1261.0,540.0,375.0,7758.0,3354.0,0.0,1046.0,443.0,2425.0,4394.0,378.0,1421.0,9468.0,6856.0,2440.0,448.0,1543.0,378.0,11239.0,1452.0,0.0,540.0,3414.0,810.0,4335.0,10038.0,11276.0,11742.0,540.0,4788.0,4518.0,4626.0,797.0,547.0,540.0,0.0,662.0,588.0,432.0,4680.0,3044.0,396.0,564.0,7440.0,1031.0,440.0,5490.0,6339.0,648.0,486.0,0.0,2977.0,331.0,2925.0,7712.0,4804.0,496.0,7866.0,754.0,934.0,1779.0,9306.0,9534.0,628.0,7812.0,0.0,378.0,702.0,810.0,594.0,1311.0,702.0,538.0,622.0,10866.0,10598.0,2588.0,512.0,1178.0,378.0,0.0,10470.0,2556.0,10758.0,10974.0,10014.0,741.0,895.0,702.0,8434.0,2065.0,610.0,10812.0,10866.0,810.0,0.0,918.0,4834.0,10200.0,11406.0,1533.0,12210.0,756.0,12436.0,1672.0,600.0,11930.0,936.0,565.0,918.0,0.0,5922.0,11634.0,1580.0,556.0,348.0,6060.0,486.0,752.0,430.0,3538.0,726.0,4734.0,378.0,2916.0,0.0,5898.0,486.0,516.0,614.0,596.0,4842.0,540.0,4302.0,883.0,594.0,3828.0,2200.0,624.0,3261.0,0.0
2023-03-05 23:42:21,0.0,740.0,756.0,2257.0,7840.0,1541.0,468.0,596.0,1724.0,7908.0,7170.0,7170.0,6431.0,7746.0,5568.0,0.0,860.0,5671.0,4554.0,1400.0,458.0,5996.0,1250.0,300.0,5736.0,5736.0,5312.0,7170.0,700.0,524.0,0.0,432.0,486.0,566.0,360.0,570.0,324.0,3762.0,4695.0,612.0,2650.0,332.0,1483.0,1053.0,949.0,0.0,3757.0,450.0,486.0,1097.0,3892.0,1372.0,9414.0,9468.0,600.0,1071.0,540.0,375.0,9198.0,1623.0,0.0,1059.0,394.0,1980.0,4448.0,4713.0,820.0,7636.0,6856.0,5766.0,2584.0,983.0,378.0,9847.0,12042.0,0.0,642.0,2151.0,810.0,4695.0,11580.0,9584.0,11688.0,540.0,4788.0,4518.0,4680.0,810.0,1279.0,594.0,0.0,564.0,588.0,569.0,4680.0,647.0,400.0,573.0,7264.0,301.0,415.0,6148.0,1926.0,594.0,432.0,0.0,594.0,640.0,6611.0,7712.0,4762.0,496.0,1446.0,741.0,3460.0,813.0,9794.0,1668.0,680.0,1080.0,0.0,432.0,702.0,648.0,604.0,928.0,648.0,525.0,798.0,10866.0,11516.0,3960.0,576.0,1311.0,432.0,0.0,10416.0,7064.0,10758.0,10758.0,10014.0,741.0,1856.0,702.0,702.0,3445.0,610.0,10812.0,10570.0,756.0,0.0,810.0,8998.0,11634.0,11406.0,1542.0,12210.0,756.0,12382.0,1260.0,909.0,12318.0,774.0,2359.0,810.0,0.0,7694.0,11634.0,1577.0,568.0,348.0,6060.0,5998.0,688.0,458.0,2956.0,1191.0,6114.0,6114.0,1692.0,0.0,5952.0,848.0,495.0,618.0,582.0,4834.0,540.0,4302.0,667.0,859.0,941.0,4278.0,624.0,432.0,0.0
2023-03-05 23:42:22,0.0,1053.0,717.0,1295.0,7840.0,1603.0,468.0,596.0,648.0,7908.0,7170.0,7170.0,6493.0,7746.0,6960.0,0.0,824.0,5671.0,7195.0,1277.0,450.0,6026.0,216.0,318.0,5736.0,5736.0,5312.0,5736.0,437.0,728.0,0.0,432.0,378.0,602.0,252.0,482.0,1057.0,826.0,3256.0,678.0,1838.0,650.0,1022.0,1040.0,432.0,0.0,8324.0,450.0,486.0,9306.0,594.0,4174.0,9468.0,9468.0,664.0,1626.0,540.0,450.0,7638.0,716.0,0.0,1062.0,441.0,1084.0,5014.0,378.0,1230.0,8016.0,8184.0,4327.0,2154.0,813.0,534.0,11239.0,1329.0,0.0,642.0,3444.0,756.0,4626.0,3672.0,11730.0,5138.0,1497.0,4788.0,4518.0,1668.0,1110.0,752.0,594.0,0.0,564.0,616.0,569.0,4680.0,4176.0,712.0,417.0,7264.0,802.0,378.0,7604.0,1588.0,648.0,432.0,0.0,1813.0,716.0,5241.0,7766.0,2080.0,512.0,4203.0,741.0,10354.0,1092.0,11504.0,3519.0,588.0,4057.0,0.0,449.0,756.0,1404.0,604.0,6160.0,648.0,525.0,528.0,10866.0,10598.0,2533.0,564.0,1371.0,432.0,0.0,10416.0,5636.0,10758.0,10542.0,10014.0,741.0,378.0,756.0,3703.0,1926.0,610.0,9591.0,10920.0,756.0,0.0,810.0,9740.0,10200.0,11406.0,816.0,12210.0,756.0,13896.0,932.0,1244.0,13573.0,2676.0,5193.0,810.0,0.0,8501.0,11688.0,1668.0,529.0,348.0,6114.0,4261.0,634.0,516.0,3226.0,959.0,4247.0,6114.0,2096.0,0.0,7386.0,486.0,454.0,809.0,613.0,2942.0,594.0,4302.0,432.0,1026.0,378.0,1380.0,688.0,656.0,0.0
2023-03-05 23:42:24,0.0,965.0,1806.0,1175.0,7894.0,1343.0,492.0,602.0,648.0,7908.0,7170.0,7170.0,5712.0,1092.0,5568.0,0.0,920.0,5671.0,5756.0,1182.0,430.0,5972.0,1920.0,312.0,5736.0,5736.0,5312.0,5736.0,606.0,712.0,0.0,432.0,378.0,578.0,368.0,462.0,162.0,509.0,3256.0,612.0,3228.0,678.0,378.0,1040.0,432.0,0.0,5863.0,1314.0,486.0,7458.0,645.0,5585.0,9414.0,9468.0,600.0,1565.0,594.0,465.0,7638.0,2870.0,0.0,1462.0,474.0,3234.0,4580.0,378.0,1597.0,6634.0,8184.0,5342.0,1196.0,984.0,432.0,11239.0,11089.0,0.0,604.0,2235.0,702.0,4656.0,23060.0,10450.0,3404.0,594.0,4788.0,4518.0,4680.0,486.0,811.0,540.0,0.0,510.0,566.0,378.0,4680.0,2098.0,4734.0,417.0,4475.0,271.0,378.0,6528.0,942.0,1100.0,378.0,0.0,1816.0,871.0,5543.0,6256.0,6240.0,512.0,7618.0,679.0,1339.0,1166.0,10432.0,6220.0,546.0,7740.0,0.0,4713.0,756.0,756.0,594.0,9198.0,648.0,1243.0,528.0,10866.0,10598.0,3402.0,378.0,990.0,1296.0,0.0,10416.0,7252.0,9521.0,10704.0,10014.0,754.0,3651.0,702.0,5058.0,2156.0,610.0,10812.0,10920.0,756.0,0.0,810.0,10758.0,10200.0,11406.0,816.0,12210.0,756.0,12382.0,1604.0,1984.0,11197.0,5508.0,3212.0,810.0,0.0,10422.0,11688.0,1076.0,516.0,348.0,6060.0,540.0,2145.0,430.0,1967.0,1657.0,6112.0,1180.0,1844.0,0.0,5952.0,605.0,441.0,902.0,612.0,5095.0,594.0,4302.0,432.0,659.0,886.0,2367.0,688.0,3302.0,0.0
2023-03-05 23:42:25,0.0,978.0,777.0,943.0,7894.0,1302.0,484.0,630.0,648.0,7908.0,7170.0,7170.0,6527.0,1139.0,5568.0,0.0,920.0,5671.0,5756.0,1033.0,414.0,5204.0,2663.0,2763.0,5736.0,5736.0,5126.0,5736.0,432.0,524.0,0.0,486.0,378.0,591.0,376.0,507.0,970.0,0.0,3310.0,682.0,1833.0,833.0,594.0,1040.0,486.0,0.0,6876.0,1793.0,486.0,9306.0,648.0,2433.0,9414.0,10974.0,600.0,1158.0,594.0,450.0,7638.0,3023.0,0.0,983.0,443.0,1970.0,4458.0,4713.0,745.0,7032.0,8184.0,2218.0,1103.0,561.0,432.0,11239.0,1546.0,0.0,588.0,3685.0,756.0,378.0,10416.0,10272.0,9308.0,648.0,4788.0,4518.0,4680.0,486.0,1067.0,540.0,0.0,510.0,588.0,886.0,4734.0,657.0,3288.0,829.0,7440.0,370.0,432.0,6898.0,942.0,702.0,482.0,0.0,594.0,2017.0,3942.0,6256.0,7746.0,512.0,10267.0,666.0,933.0,648.0,9360.0,10375.0,564.0,9285.0,0.0,4582.0,756.0,756.0,655.0,2807.0,648.0,619.0,0.0,10830.0,11516.0,10542.0,576.0,1658.0,1188.0,0.0,10416.0,2336.0,9523.0,10596.0,10014.0,1457.0,2671.0,702.0,3071.0,10920.0,674.0,9985.0,10920.0,756.0,0.0,810.0,10456.0,10200.0,11406.0,816.0,12156.0,810.0,12436.0,864.0,0.0,12264.0,1313.0,1052.0,975.0,0.0,8605.0,11688.0,1569.0,516.0,402.0,6060.0,5057.0,688.0,414.0,2218.0,1322.0,4734.0,2085.0,1895.0,0.0,5952.0,618.0,447.0,897.0,617.0,6294.0,648.0,5736.0,518.0,666.0,449.0,4680.0,688.0,3708.0,0.0
2023-03-05 23:42:26,0.0,965.0,1861.0,594.0,7894.0,1566.0,492.0,560.0,1783.0,7908.0,7170.0,7170.0,7746.0,1173.0,5568.0,0.0,860.0,5671.0,5756.0,1266.0,414.0,5972.0,2610.0,335.0,5736.0,5600.0,5312.0,5736.0,992.0,728.0,0.0,1033.0,378.0,590.0,360.0,496.0,416.0,498.0,3256.0,552.0,3516.0,643.0,594.0,1040.0,465.0,0.0,7905.0,2670.0,540.0,4852.0,638.0,9114.0,9414.0,9468.0,600.0,1107.0,594.0,463.0,7638.0,990.0,0.0,1292.0,458.0,2364.0,5832.0,378.0,1061.0,8718.0,8184.0,5768.0,1984.0,854.0,486.0,8472.0,9865.0,0.0,600.0,3784.0,756.0,378.0,10416.0,10512.0,4814.0,594.0,4788.0,4518.0,4680.0,540.0,1439.0,540.0,0.0,510.0,612.0,179.0,4302.0,4176.0,4734.0,955.0,6006.0,733.0,464.0,7604.0,4680.0,969.0,378.0,0.0,1725.0,1129.0,4152.0,6256.0,4699.0,512.0,10050.0,666.0,1077.0,837.0,8470.0,10158.0,564.0,8544.0,0.0,378.0,756.0,756.0,594.0,2419.0,648.0,1242.0,528.0,10866.0,10598.0,9318.0,174.0,2542.0,378.0,0.0,3996.0,15720.0,8820.0,11028.0,11406.0,741.0,378.0,702.0,8898.0,10920.0,162.0,10812.0,10920.0,648.0,0.0,810.0,10758.0,10038.0,11406.0,829.0,12156.0,756.0,12436.0,864.0,1029.0,12264.0,1407.0,1211.0,892.0,0.0,9311.0,11688.0,486.0,516.0,402.0,6060.0,5066.0,803.0,414.0,270.0,4860.0,4577.0,2859.0,1735.0,0.0,5952.0,706.0,477.0,859.0,477.0,4858.0,594.0,5736.0,432.0,777.0,3888.0,378.0,688.0,2853.0,0.0
2023-03-05 23:42:27,0.0,965.0,1514.0,594.0,7894.0,1793.0,464.0,598.0,648.0,7908.0,7170.0,7170.0,6238.0,5155.0,5568.0,0.0,878.0,2351.0,5756.0,1215.0,430.0,6026.0,1462.0,269.0,5736.0,264.0,5126.0,5736.0,865.0,874.0,0.0,432.0,432.0,527.0,384.0,3242.0,805.0,504.0,3256.0,3444.0,2704.0,530.0,594.0,1053.0,432.0,0.0,6477.0,0.0,540.0,5495.0,484.0,3264.0,9414.0,7688.0,600.0,1081.0,594.0,375.0,9144.0,4364.0,0.0,1068.0,518.0,596.0,4394.0,449.0,749.0,8250.0,6856.0,3326.0,905.0,825.0,487.0,9744.0,3399.0,0.0,642.0,3619.0,3127.0,378.0,11850.0,10692.0,10228.0,594.0,4788.0,4518.0,4680.0,432.0,1435.0,594.0,0.0,314.0,612.0,4530.0,4680.0,4176.0,3945.0,938.0,5830.0,1133.0,498.0,7604.0,942.0,772.0,478.0,0.0,540.0,171.0,3084.0,6256.0,6366.0,512.0,10812.0,1459.0,1695.0,784.0,9306.0,10974.0,540.0,9252.0,0.0,378.0,702.0,810.0,540.0,10704.0,648.0,687.0,918.0,9360.0,10652.0,10542.0,1636.0,2797.0,378.0,0.0,20570.0,8960.0,3186.0,10704.0,10014.0,741.0,3925.0,702.0,2088.0,10974.0,616.0,10208.0,10866.0,1242.0,0.0,1542.0,10455.0,8766.0,11406.0,829.0,12156.0,756.0,12436.0,810.0,908.0,12264.0,1465.0,1794.0,892.0,0.0,8530.0,11688.0,1562.0,1233.0,402.0,6060.0,486.0,5281.0,430.0,532.0,3638.0,4870.0,5177.0,6162.0,0.0,5898.0,432.0,568.0,703.0,470.0,450.0,594.0,5736.0,432.0,540.0,564.0,4626.0,688.0,2802.0,0.0
2023-03-05 23:42:28,0.0,1170.0,1452.0,594.0,9354.0,1458.0,1088.0,660.0,648.0,7908.0,7760.0,7760.0,7077.0,3534.0,6158.0,0.0,824.0,5568.0,5859.0,1195.0,426.0,4923.0,1372.0,403.0,5839.0,5839.0,5601.0,5839.0,548.0,524.0,0.0,797.0,432.0,560.0,302.0,1724.0,482.0,3702.0,4005.0,4140.0,2416.0,335.0,594.0,463.0,486.0,0.0,3528.0,1284.0,486.0,9252.0,702.0,9114.0,9414.0,9468.0,636.0,1473.0,594.0,1040.0,7692.0,2121.0,0.0,2073.0,975.0,1891.0,4580.0,449.0,1389.0,7962.0,8184.0,8311.0,1802.0,448.0,486.0,11136.0,23184.0,0.0,576.0,344.0,702.0,4713.0,10416.0,11448.0,8093.0,594.0,4788.0,4518.0,4626.0,486.0,906.0,540.0,0.0,564.0,534.0,569.0,4680.0,4438.0,421.0,930.0,7264.0,634.0,324.0,786.0,552.0,324.0,543.0,0.0,648.0,464.0,2485.0,7712.0,4844.0,566.0,10812.0,2160.0,1846.0,1197.0,9004.0,9414.0,510.0,10812.0,0.0,378.0,756.0,756.0,594.0,9252.0,0.0,0.0,0.0,0.0,0.0,0.0,0.0,0.0,0.0,0.0,0.0,0.0,0.0,0.0,0.0,0.0,0.0,0.0,0.0,0.0,0.0,0.0,0.0,0.0,0.0,0.0,0.0,0.0,0.0,0.0,0.0,0.0,0.0,0.0,0.0,0.0,0.0,0.0,0.0,0.0,0.0,0.0,0.0,0.0,0.0,0.0,0.0,0.0,0.0,0.0,0.0,0.0,0.0,0.0,0.0,0.0,0.0,0.0,0.0,0.0,0.0,0.0,0.0,0.0,0.0,0.0,0.0,0.0,0.0,0.0
2023-03-05 23:42:29,0.0,375.0,822.0,594.0,7894.0,1120.0,464.0,610.0,6443.0,7908.0,7760.0,7760.0,6553.0,862.0,5671.0,0.0,920.0,5568.0,5859.0,1323.0,414.0,5972.0,1346.0,403.0,5839.0,5839.0,5415.0,5839.0,519.0,728.0,0.0,813.0,432.0,560.0,290.0,2292.0,615.0,569.0,4695.0,1063.0,3228.0,406.0,594.0,450.0,486.0,0.0,5035.0,1433.0,486.0,4595.0,648.0,9114.0,9414.0,9468.0,624.0,1419.0,594.0,1053.0,7692.0,624.0,0.0,967.0,695.0,960.0,4512.0,4582.0,908.0,6744.0,8184.0,7746.0,3048.0,448.0,520.0,11136.0,12372.0,0.0,576.0,4405.0,702.0,378.0,10416.0,11386.0,9527.0,594.0,4788.0,4518.0,4626.0,890.0,1827.0,540.0,0.0,564.0,534.0,378.0,4680.0,4279.0,402.0,919.0,7264.0,764.0,2913.0,786.0,2728.0,2095.0,541.0,0.0,648.0,345.0,5459.0,7712.0,4566.0,524.0,10424.0,666.0,1836.0,1196.0,8206.0,9026.0,522.0,10424.0,0.0,449.0,756.0,768.0,594.0,2706.0,648.0,628.0,972.0,10866.0,11408.0,10542.0,470.0,2135.0,432.0,0.0,10416.0,8776.0,3759.0,10758.0,10014.0,741.0,1858.0,702.0,4174.0,10920.0,610.0,10749.0,10920.0,756.0,0.0,2277.0,10758.0,10200.0,11406.0,829.0,12210.0,756.0,12382.0,1679.0,1911.0,12318.0,1367.0,2378.0,810.0,0.0,8975.0,11634.0,498.0,516.0,348.0,6060.0,4387.0,3286.0,414.0,1972.0,594.0,3721.0,4895.0,3576.0,0.0,5952.0,799.0,441.0,533.0,906.0,919.0,594.0,4586.0,432.0,937.0,635.0,1114.0,624.0,432.0,0.0
2023-03-05 23:42:30,0.0,388.0,1911.0,806.0,7894.0,1322.0,484.0,596.0,648.0,7908.0,7760.0,7760.0,6061.0,1051.0,5684.0,0.0,860.0,5568.0,5859.0,1310.0,450.0,5972.0,216.0,403.0,5852.0,5839.0,5229.0,5839.0,525.0,712.0,0.0,809.0,432.0,605.0,310.0,520.0,615.0,564.0,4695.0,810.0,3228.0,491.0,594.0,1168.0,3726.0,0.0,3587.0,1040.0,486.0,5938.0,648.0,9114.0,9414.0,9468.0,636.0,1715.0,594.0,1040.0,7692.0,624.0,0.0,1299.0,983.0,1014.0,5832.0,378.0,958.0,7962.0,8184.0,7746.0,1023.0,448.0,535.0,11136.0,12372.0,0.0,600.0,2240.0,702.0,378.0,10416.0,12480.0,9527.0,985.0,4788.0,4518.0,4626.0,486.0,1006.0,540.0,0.0,564.0,586.0,886.0,4680.0,4279.0,527.0,929.0,7264.0,2853.0,3305.0,4529.0,6622.0,935.0,545.0,0.0,1783.0,689.0,6877.0,7712.0,6240.0,512.0,9577.0,666.0,1475.0,648.0,6468.0,8179.0,554.0,9577.0,0.0,4713.0,756.0,756.0,594.0,803.0,648.0,1360.0,962.0,10866.0,10598.0,10542.0,588.0,1327.0,3613.0,0.0,10416.0,10176.0,10758.0,18072.0,10014.0,754.0,968.0,702.0,9498.0,10920.0,610.0,10812.0,10920.0,756.0,0.0,865.0,9133.0,10200.0,11406.0,816.0,12210.0,756.0,12382.0,1903.0,2174.0,12318.0,1376.0,1022.0,810.0,0.0,7740.0,11634.0,1051.0,516.0,348.0,6060.0,5804.0,2062.0,450.0,902.0,726.0,4734.0,3333.0,6162.0,0.0,5952.0,584.0,441.0,559.0,646.0,3422.0,540.0,4579.0,432.0,638.0,648.0,1508.0,624.0,432.0,0.0
2023-03-05 23:42:31,0.0,375.0,953.0,1993.0,7894.0,1245.0,476.0,602.0,648.0,7908.0,7760.0,7760.0,7746.0,1310.0,5671.0,0.0,824.0,5568.0,5883.0,1370.0,402.0,5972.0,1347.0,650.0,5839.0,5839.0,5415.0,5839.0,510.0,524.0,0.0,486.0,432.0,778.0,282.0,487.0,513.0,378.0,4695.0,824.0,2072.0,435.0,1179.0,450.0,3845.0,0.0,4808.0,1040.0,486.0,4808.0,749.0,9340.0,9414.0,9468.0,600.0,1939.0,594.0,1053.0,7692.0,3946.0,0.0,1182.0,555.0,2272.0,5446.0,509.0,1441.0,7962.0,8184.0,7746.0,1280.0,448.0,540.0,11136.0,1623.0,0.0,576.0,1136.0,702.0,378.0,10416.0,9731.0,9527.0,594.0,4788.0,4518.0,4626.0,486.0,455.0,540.0,0.0,564.0,534.0,509.0,4680.0,826.0,658.0,881.0,7440.0,663.0,1042.0,2560.0,564.0,725.0,535.0,0.0,648.0,343.0,672.0,7712.0,4804.0,566.0,10812.0,666.0,1200.0,795.0,9848.0,9414.0,534.0,10812.0,0.0,4582.0,756.0,972.0,594.0,9252.0,648.0,628.0,420.0,9612.0,10706.0,10542.0,522.0,1894.0,1188.0,0.0,10416.0,9253.0,11246.0,10758.0,10014.0,754.0,968.0,702.0,6708.0,10920.0,610.0,10426.0,10920.0,756.0,0.0,810.0,8099.0,10200.0,11406.0,816.0,12210.0,756.0,12382.0,2932.0,497.0,12318.0,1117.0,1022.0,756.0,0.0,7246.0,11634.0,486.0,538.0,348.0,6060.0,5690.0,4296.0,402.0,874.0,594.0,5345.0,3756.0,2279.0,0.0,5952.0,625.0,454.0,334.0,980.0,4858.0,594.0,4586.0,584.0,721.0,952.0,1102.0,624.0,432.0,0.0
2023-03-05 23:42:32,0.0,388.0,1091.0,675.0,7894.0,1159.0,496.0,596.0,648.0,7908.0,7760.0,7760.0,7746.0,1218.0,5684.0,0.0,920.0,5568.0,5859.0,1230.0,442.0,5972.0,216.0,403.0,5839.0,5839.0,9402.0,5839.0,806.0,684.0,0.0,432.0,432.0,512.0,270.0,1015.0,543.0,564.0,4592.0,612.0,3228.0,682.0,423.0,450.0,464.0,0.0,7989.0,1040.0,486.0,4068.0,648.0,9114.0,9414.0,9468.0,280.0,1523.0,594.0,1040.0,7692.0,2233.0,0.0,1262.0,1035.0,590.0,4526.0,4582.0,698.0,7962.0,7998.0,5046.0,1283.0,512.0,486.0,11136.0,4252.0,0.0,620.0,1094.0,756.0,577.0,10416.0,9638.0,9527.0,540.0,4788.0,4518.0,4626.0,486.0,1226.0,540.0,0.0,564.0,588.0,3828.0,4680.0,1156.0,1842.0,878.0,7264.0,247.0,346.0,879.0,1968.0,594.0,651.0,0.0,594.0,877.0,2909.0,6256.0,4027.0,512.0,10791.0,679.0,1169.0,1275.0,6699.0,10899.0,608.0,9285.0,0.0,378.0,756.0,824.0,594.0,9252.0,648.0,628.0,582.0,10794.0,11408.0,9261.0,834.0,1201.0,378.0,0.0,10416.0,3512.0,10758.0,10542.0,10014.0,741.0,968.0,702.0,2088.0,10920.0,610.0,10298.0,6582.0,756.0,0.0,810.0,10473.0,10200.0,11406.0,1584.0,12210.0,756.0,12382.0,1720.0,889.0,12264.0,1069.0,7042.0,993.0,0.0,7931.0,11634.0,486.0,690.0,348.0,5790.0,4341.0,5224.0,442.0,472.0,726.0,4324.0,3873.0,432.0,0.0,5952.0,654.0,441.0,199.0,698.0,6294.0,540.0,4577.0,432.0,876.0,378.0,4680.0,624.0,432.0,0.0
2023-03-05 23:42:34,0.0,1340.0,5215.0,1424.0,15788.0,2574.0,1040.0,1729.0,1350.0,15816.0,16364.0,14930.0,15546.0,438.0,11239.0,0.0,1834.0,11239.0,10833.0,2765.0,856.0,12337.0,535.0,703.0,11575.0,11575.0,12058.0,11575.0,1044.0,1306.0,0.0,976.0,918.0,1491.0,654.0,1024.0,865.0,1073.0,4298.0,1603.0,7962.0,1540.0,856.0,2283.0,6703.0,0.0,8846.0,4899.0,972.0,8564.0,1404.0,19684.0,18828.0,18936.0,1968.0,2845.0,1188.0,1490.0,16890.0,2910.0,0.0,2887.0,1135.0,3475.0,9038.0,4900.0,1460.0,17430.0,16182.0,10655.0,1801.0,1251.0,1080.0,21470.0,19754.0,0.0,1244.0,5139.0,1566.0,756.0,22266.0,20172.0,16947.0,1188.0,8136.0,9036.0,9306.0,1003.0,2180.0,1188.0,0.0,1074.0,1194.0,1450.0,9252.0,2926.0,5432.0,2093.0,14704.0,1397.0,697.0,11171.0,3340.0,1296.0,1132.0,0.0,2407.0,1411.0,6850.0,13968.0,13015.0,1008.0,20611.0,2139.0,2153.0,1442.0,19208.0,19375.0,1110.0,20118.0,0.0,4900.0,1458.0,2337.0,3512.0,8613.0,1296.0,1241.0,1110.0,21786.0,21952.0,21084.0,1196.0,3755.0,1512.0,0.0,22266.0,6628.0,20932.0,23400.0,20082.0,1482.0,1570.0,1404.0,17574.0,21894.0,1092.0,20421.0,21786.0,1684.0,0.0,2529.0,19823.0,20454.0,24204.0,2401.0,25872.0,1512.0,24818.0,2717.0,4250.0,24582.0,1881.0,1612.0,1674.0,0.0,18485.0,23322.0,1026.0,1114.0,750.0,12768.0,7036.0,1440.0,856.0,4093.0,3788.0,9357.0,2646.0,7319.0,0.0,11850.0,825.0,1674.0,638.0,1629.0,4234.0,1379.0,10571.0,864.0,1700.0,5014.0,7543.0,1342.0,895.0,0.0
2023-03-05 23:42:35,0.0,1340.0,1713.0,2066.0,15734.0,2551.0,948.0,1138.0,1242.0,15870.0,14930.0,14930.0,15492.0,15438.0,11239.0,0.0,1834.0,11239.0,10418.0,1555.0,808.0,11998.0,535.0,715.0,11575.0,11575.0,10727.0,11575.0,409.0,524.0,0.0,432.0,432.0,922.0,360.0,518.0,687.0,3762.0,558.0,612.0,2010.0,525.0,594.0,450.0,1233.0,0.0,5164.0,1040.0,610.0,1183.0,649.0,9114.0,9414.0,9468.0,546.0,1752.0,540.0,645.0,7698.0,8878.0,0.0,746.0,496.0,3515.0,4448.0,4522.0,762.0,7292.0,6856.0,3423.0,512.0,448.0,540.0,11136.0,10536.0,0.0,576.0,5608.0,702.0,4713.0,11850.0,10044.0,8093.0,648.0,4788.0,4518.0,4680.0,554.0,731.0,540.0,0.0,470.0,534.0,3828.0,4680.0,1520.0,4734.0,942.0,6006.0,729.0,433.0,2133.0,2035.0,791.0,485.0,0.0,594.0,427.0,5460.0,6256.0,608.0,454.0,9306.0,754.0,1853.0,1044.0,10812.0,9414.0,510.0,10758.0,0.0,4713.0,756.0,378.0,540.0,1780.0,702.0,628.0,798.0,10866.0,11354.0,11460.0,890.0,1639.0,1296.0,0.0,10416.0,3826.0,10758.0,10974.0,10014.0,741.0,378.0,702.0,3820.0,10974.0,622.0,10758.0,9860.0,756.0,0.0,995.0,8526.0,10254.0,11622.0,816.0,12210.0,756.0,12436.0,864.0,1499.0,12264.0,378.0,3031.0,810.0,0.0,7740.0,11688.0,486.0,516.0,348.0,4626.0,486.0,634.0,430.0,653.0,648.0,4892.0,4965.0,6000.0,0.0,5952.0,1119.0,441.0,270.0,538.0,6348.0,1100.0,5736.0,378.0,826.0,3828.0,4109.0,712.0,2434.0,0.0
2023-03-05 23:42:36,0.0,375.0,758.0,1636.0,7840.0,1459.0,492.0,1064.0,648.0,7908.0,7760.0,7760.0,7746.0,7692.0,6960.0,0.0,860.0,5568.0,5859.0,701.0,426.0,4937.0,1351.0,1207.0,5839.0,5839.0,5415.0,5839.0,639.0,728.0,0.0,432.0,432.0,921.0,344.0,1007.0,842.0,826.0,709.0,612.0,3922.0,706.0,594.0,463.0,1291.0,0.0,6074.0,1756.0,486.0,9252.0,594.0,9114.0,9414.0,9468.0,684.0,1822.0,540.0,984.0,9144.0,8878.0,0.0,1426.0,533.0,2893.0,4448.0,378.0,762.0,7384.0,6856.0,2061.0,448.0,556.0,540.0,11136.0,4640.0,0.0,596.0,3150.0,1892.0,4713.0,10416.0,9917.0,8746.0,648.0,4788.0,4518.0,4680.0,1366.0,463.0,540.0,0.0,426.0,534.0,881.0,4680.0,1563.0,4794.0,914.0,6006.0,404.0,521.0,927.0,942.0,1676.0,585.0,0.0,594.0,640.0,4279.0,7712.0,7302.0,490.0,10812.0,741.0,2204.0,1289.0,10812.0,9414.0,522.0,10758.0,0.0,378.0,756.0,756.0,540.0,8972.0,648.0,1115.0,528.0,10866.0,10598.0,11460.0,596.0,2220.0,378.0,0.0,10416.0,3355.0,9590.0,10704.0,10014.0,741.0,378.0,702.0,6825.0,10920.0,652.0,8904.0,10920.0,756.0,0.0,1225.0,7516.0,11688.0,11406.0,816.0,12210.0,756.0,12382.0,864.0,1340.0,12318.0,3660.0,1934.0,1027.0,0.0,8026.0,10308.0,486.0,529.0,402.0,6060.0,486.0,2705.0,480.0,532.0,1172.0,3527.0,6114.0,2302.0,0.0,7386.0,607.0,516.0,270.0,769.0,4842.0,648.0,5736.0,464.0,910.0,564.0,5343.0,712.0,3980.0,0.0
2023-03-05 23:42:37,0.0,375.0,2635.0,594.0,7840.0,2971.0,444.0,602.0,648.0,9414.0,7760.0,7760.0,7746.0,721.0,5568.0,0.0,824.0,5568.0,5926.0,753.0,468.0,6026.0,216.0,300.0,5839.0,5839.0,5415.0,5839.0,318.0,712.0,0.0,432.0,378.0,560.0,380.0,1920.0,792.0,563.0,1334.0,552.0,2268.0,906.0,594.0,450.0,694.0,0.0,8315.0,2135.0,486.0,1303.0,702.0,9114.0,9414.0,9522.0,684.0,1901.0,540.0,1187.0,7638.0,3132.0,0.0,1165.0,793.0,1980.0,4580.0,623.0,762.0,8016.0,6063.0,9198.0,556.0,620.0,540.0,11136.0,6549.0,0.0,540.0,2981.0,756.0,4767.0,10416.0,7756.0,8746.0,594.0,4788.0,4572.0,4680.0,550.0,623.0,540.0,0.0,550.0,534.0,378.0,4680.0,1433.0,3760.0,878.0,7264.0,1008.0,1827.0,2752.0,1417.0,702.0,594.0,0.0,594.0,640.0,1857.0,7766.0,6447.0,600.0,10812.0,666.0,1916.0,702.0,10866.0,9468.0,554.0,10758.0,0.0,378.0,810.0,756.0,594.0,4986.0,702.0,641.0,588.0,10830.0,12274.0,12930.0,390.0,103.0,378.0,0.0,10416.0,4339.0,12264.0,10542.0,10014.0,829.0,378.0,702.0,9499.0,10920.0,610.0,9282.0,12426.0,756.0,0.0,1849.0,7821.0,10254.0,11406.0,816.0,12156.0,810.0,13896.0,864.0,2574.0,13824.0,1739.0,2518.0,810.0,0.0,8918.0,11688.0,486.0,516.0,402.0,6060.0,4713.0,2062.0,468.0,596.0,1994.0,6098.0,594.0,6000.0,0.0,5898.0,558.0,516.0,216.0,582.0,633.0,815.0,5736.0,518.0,549.0,378.0,3803.0,706.0,1127.0,0.0
2023-03-05 23:42:38,0.0,375.0,2567.0,746.0,7894.0,1393.0,774.0,666.0,648.0,7908.0,7760.0,7760.0,9252.0,2131.0,5568.0,0.0,920.0,5568.0,4810.0,818.0,438.0,6026.0,216.0,300.0,5736.0,5839.0,5415.0,5842.0,533.0,524.0,0.0,725.0,378.0,506.0,336.0,1860.0,828.0,378.0,1563.0,729.0,3922.0,969.0,790.0,450.0,463.0,0.0,4484.0,1040.0,486.0,8581.0,648.0,9114.0,9468.0,9468.0,684.0,1366.0,594.0,1168.0,7638.0,1330.0,0.0,1196.0,681.0,3475.0,1843.0,4510.0,762.0,5932.0,8184.0,9198.0,1122.0,728.0,486.0,9744.0,8051.0,0.0,642.0,2165.0,810.0,378.0,11904.0,10974.0,8746.0,1654.0,5058.0,4518.0,4680.0,556.0,633.0,594.0,0.0,480.0,624.0,3888.0,4680.0,1131.0,4734.0,925.0,7318.0,1374.0,914.0,996.0,3693.0,781.0,546.0,0.0,540.0,706.0,648.0,7712.0,6240.0,496.0,10812.0,1386.0,1280.0,648.0,9412.0,9522.0,588.0,9252.0,0.0,449.0,756.0,1592.0,594.0,963.0,648.0,628.0,420.0,10866.0,12814.0,10542.0,912.0,1715.0,432.0,0.0,10470.0,4061.0,9740.0,10704.0,10014.0,741.0,378.0,756.0,3582.0,12480.0,610.0,10008.0,10920.0,810.0,0.0,2373.0,9740.0,10254.0,11406.0,829.0,12156.0,756.0,12382.0,2133.0,161.0,12318.0,1034.0,2519.0,810.0,0.0,8202.0,11688.0,540.0,519.0,402.0,6060.0,540.0,2166.0,438.0,2654.0,2438.0,3668.0,1057.0,3346.0,0.0,5898.0,549.0,541.0,216.0,521.0,4842.0,594.0,5736.0,763.0,549.0,886.0,4695.0,688.0,2420.0,0.0
2023-03-05 23:42:39,0.0,375.0,6414.0,714.0,9408.0,1090.0,432.0,602.0,648.0,7908.0,7760.0,7760.0,7746.0,7746.0,5568.0,0.0,974.0,5568.0,5859.0,703.0,378.0,6026.0,216.0,403.0,5839.0,5839.0,5601.0,5842.0,992.0,874.0,0.0,432.0,378.0,589.0,324.0,498.0,789.0,498.0,3256.0,552.0,3516.0,918.0,480.0,463.0,432.0,0.0,6626.0,2438.0,486.0,7448.0,648.0,9114.0,9414.0,9468.0,662.0,1414.0,648.0,1176.0,7638.0,6779.0,0.0,1105.0,782.0,542.0,1822.0,378.0,762.0,7790.0,8184.0,701.0,674.0,728.0,587.0,9744.0,1417.0,0.0,630.0,670.0,810.0,378.0,11850.0,10864.0,8746.0,594.0,4788.0,4518.0,4680.0,522.0,614.0,594.0,0.0,480.0,600.0,564.0,4680.0,1484.0,3936.0,900.0,7440.0,925.0,347.0,6202.0,1405.0,594.0,432.0,0.0,594.0,322.0,7548.0,7712.0,6240.0,496.0,10287.0,666.0,1286.0,1165.0,7854.0,10449.0,600.0,8781.0,0.0,4713.0,756.0,966.0,594.0,1183.0,648.0,1396.0,528.0,9450.0,10598.0,10542.0,564.0,1295.0,1296.0,0.0,11850.0,13716.0,10758.0,12102.0,10014.0,741.0,378.0,702.0,702.0,10974.0,610.0,10435.0,10920.0,810.0,0.0,1657.0,10657.0,10254.0,11406.0,829.0,12156.0,756.0,12382.0,810.0,1619.0,12318.0,885.0,1703.0,810.0,0.0,9120.0,11634.0,486.0,516.0,402.0,6060.0,1435.0,2166.0,378.0,1846.0,751.0,6114.0,1539.0,6000.0,0.0,5898.0,549.0,528.0,216.0,503.0,3408.0,594.0,5736.0,432.0,549.0,503.0,3084.0,624.0,3432.0,0.0
2023-03-05 23:42:40,0.0,375.0,1000.0,1166.0,7894.0,3853.0,432.0,668.0,594.0,7908.0,7760.0,7760.0,7746.0,4583.0,9744.0,0.0,1592.0,11239.0,9923.0,1393.0,742.0,11463.0,6330.0,1413.0,11472.0,11575.0,10727.0,11578.0,1491.0,1532.0,0.0,918.0,810.0,1102.0,456.0,2308.0,991.0,959.0,7951.0,1104.0,7384.0,1382.0,977.0,1490.0,918.0,0.0,7906.0,2392.0,975.0,4636.0,1296.0,18228.0,17268.0,18882.0,1272.0,2374.0,918.0,825.0,15330.0,3506.0,0.0,1731.0,1019.0,3953.0,5061.0,959.0,2774.0,12856.0,14800.0,8588.0,1058.0,1515.0,1120.0,19591.0,8787.0,0.0,1242.0,3218.0,1512.0,5037.0,20778.0,18122.0,12645.0,1711.0,9360.0,8982.0,4788.0,1540.0,2948.0,1134.0,0.0,836.0,1122.0,4152.0,9360.0,5339.0,3429.0,1792.0,13054.0,1146.0,666.0,6173.0,1906.0,1656.0,756.0,0.0,1134.0,1138.0,13662.0,13914.0,12426.0,1008.0,18450.0,1332.0,2461.0,1813.0,16894.0,20388.0,1114.0,18558.0,0.0,5037.0,1350.0,2995.0,1254.0,2415.0,1080.0,1922.0,996.0,21732.0,19898.0,20496.0,1202.0,3023.0,2810.0,0.0,19344.0,13384.0,19415.0,20280.0,19866.0,2124.0,1346.0,1296.0,12562.0,20334.0,1220.0,19687.0,20226.0,1523.0,0.0,2380.0,19516.0,19020.0,21204.0,1645.0,24312.0,1458.0,23250.0,1620.0,4388.0,23040.0,2682.0,5435.0,1733.0,0.0,15617.0,21888.0,756.0,1032.0,750.0,12120.0,9807.0,2850.0,688.0,3248.0,3407.0,10740.0,9063.0,10554.0,0.0,10362.0,943.0,975.0,550.0,1341.0,9576.0,1499.0,10285.0,864.0,1267.0,4780.0,2476.0,1248.0,1791.0,0.0
2023-03-05 23:42:42,0.0,0.0,0.0,0.0,0.0,0.0,0.0,0.0,0.0,0.0,0.0,0.0,0.0,0.0,0.0,0.0,0.0,0.0,0.0,0.0,0.0,0.0,0.0,0.0,0.0,0.0,0.0,0.0,0.0,0.0,0.0,0.0,0.0,0.0,0.0,0.0,0.0,0.0,0.0,0.0,0.0,0.0,756.0,1063.0,918.0,0.0,17736.0,5501.0,1236.0,18364.0,1779.0,21302.0,23508.0,22164.0,1456.0,3734.0,810.0,1728.0,24258.0,5069.0,0.0,2951.0,1942.0,5844.0,9132.0,5415.0,2669.0,23948.0,20568.0,15983.0,1196.0,640.0,486.0,12631.0,3087.0,0.0,804.0,3489.0,972.0,4821.0,13392.0,11252.0,8854.0,1155.0,12048.0,11580.0,16728.0,1928.0,2848.0,1566.0,0.0,1278.0,1602.0,1834.0,12444.0,9492.0,1288.0,2313.0,6994.0,845.0,2033.0,7083.0,6168.0,1150.0,590.0,0.0,702.0,3382.0,1004.0,9276.0,9306.0,620.0,27108.0,1492.0,4708.0,2320.0,26952.0,28242.0,1562.0,27756.0,0.0,5415.0,2052.0,3313.0,1566.0,9584.0,601.0,613.0,540.0,13788.0,13734.0,13056.0,720.0,1999.0,1404.0,0.0,11958.0,5798.0,13824.0,12048.0,26448.0,1567.0,1026.0,1890.0,15515.0,28417.0,1584.0,28587.0,30264.0,2106.0,0.0,2528.0,27267.0,29220.0,30624.0,1717.0,31902.0,1998.0,35686.0,2322.0,3543.0,35108.0,3054.0,5478.0,2980.0,0.0,23303.0,32088.0,270.0,375.0,300.0,7440.0,7508.0,2284.0,526.0,650.0,1947.0,7656.0,6930.0,7500.0,0.0,7386.0,225.0,375.0,278.0,736.0,3686.0,714.0,6010.0,540.0,1089.0,432.0,2626.0,796.0,3687.0,0.0
2023-03-05 23:42:43,0.0,0.0,0.0,0.0,0.0,0.0,0.0,0.0,0.0,0.0,0.0,0.0,0.0,0.0,0.0,0.0,0.0,0.0,0.0,0.0,0.0,0.0,0.0,0.0,0.0,0.0,0.0,0.0,0.0,0.0,0.0,0.0,0.0,0.0,0.0,0.0,0.0,0.0,0.0,0.0,0.0,0.0,0.0,0.0,0.0,0.0,0.0,0.0,0.0,0.0,0.0,0.0,0.0,0.0,0.0,0.0,378.0,525.0,9036.0,360.0,0.0,1411.0,443.0,3619.0,4698.0,432.0,934.0,8256.0,9512.0,7533.0,0.0,0.0,0.0,0.0,0.0,0.0,0.0,0.0,0.0,0.0,0.0,0.0,0.0,0.0,7530.0,7170.0,7530.0,360.0,1048.0,864.0,0.0,658.0,820.0,725.0,7170.0,2188.0,564.0,1331.0,0.0,0.0,0.0,0.0,0.0,0.0,0.0,0.0,0.0,0.0,0.0,0.0,0.0,0.0,15060.0,1452.0,2385.0,540.0,14377.0,15654.0,828.0,15438.0,0.0,3605.0,1080.0,3719.0,928.0,13986.0,0.0,0.0,0.0,0.0,0.0,0.0,0.0,0.0,0.0,0.0,0.0,0.0,0.0,0.0,0.0,0.0,0.0,0.0,0.0,0.0,0.0,0.0,0.0,0.0,0.0,0.0,0.0,0.0,16704.0,913.0,18072.0,648.0,18492.0,1242.0,1778.0,18396.0,1675.0,2665.0,1634.0,0.0,11506.0,17478.0,0.0,0.0,0.0,0.0,0.0,0.0,0.0,0.0,0.0,0.0,0.0,0.0,0.0,0.0,0.0,0.0,0.0,0.0,0.0,0.0,0.0,0.0,0.0,0.0,0.0,0.0,0.0,0.0
2023-03-05 23:42:44,0.0,0.0,0.0,0.0,0.0,0.0,0.0,0.0,0.0,0.0,0.0,0.0,0.0,0.0,0.0,0.0,0.0,0.0,0.0,0.0,0.0,0.0,0.0,0.0,0.0,0.0,0.0,0.0,0.0,0.0,0.0,0.0,0.0,0.0,0.0,0.0,0.0,0.0,0.0,0.0,0.0,0.0,0.0,0.0,0.0,0.0,0.0,0.0,0.0,0.0,0.0,0.0,0.0,0.0,0.0,0.0,0.0,0.0,0.0,0.0,0.0,0.0,0.0,0.0,0.0,0.0,0.0,0.0,0.0,0.0,0.0,0.0,0.0,0.0,0.0,0.0,0.0,0.0,0.0,0.0,0.0,0.0,0.0,0.0,0.0,0.0,0.0,0.0,0.0,0.0,0.0,0.0,0.0,0.0,0.0,0.0,0.0,0.0,1434.0,54.0,54.0,1456.0,0.0,54.0,158.0,0.0,108.0,0.0,162.0,1510.0,1506.0,124.0,7530.0,1144.0,820.0,396.0,7530.0,7530.0,270.0,7584.0,0.0,270.0,540.0,1390.0,378.0,1301.0,2064.0,688.0,480.0,13554.0,12112.0,12048.0,558.0,1592.0,432.0,0.0,11958.0,13014.0,11998.0,12102.0,15312.0,838.0,594.0,594.0,12726.0,16566.0,770.0,14241.0,16836.0,1026.0,0.0,1296.0,15872.0,16098.0,19488.0,1063.0,19578.0,702.0,19682.0,756.0,2392.0,19632.0,2020.0,3271.0,1440.0,0.0,13689.0,18912.0,378.0,538.0,666.0,10038.0,5593.0,1926.0,400.0,1939.0,2068.0,10470.0,3615.0,4719.0,0.0,8928.0,753.0,463.0,961.0,1078.0,8070.0,728.0,8604.0,378.0,914.0,503.0,3238.0,1022.0,2592.0,0.0
2023-03-05 23:42:45,0.0,0.0,0.0,0.0,0.0,0.0,0.0,0.0,0.0,0.0,0.0,0.0,0.0,0.0,0.0,0.0,0.0,0.0,0.0,0.0,0.0,0.0,0.0,0.0,0.0,0.0,0.0,0.0,0.0,0.0,0.0,0.0,0.0,0.0,0.0,0.0,0.0,0.0,0.0,0.0,0.0,0.0,0.0,0.0,0.0,0.0,0.0,0.0,0.0,0.0,0.0,0.0,0.0,0.0,0.0,0.0,0.0,0.0,0.0,0.0,0.0,0.0,0.0,0.0,0.0,0.0,0.0,0.0,0.0,0.0,0.0,0.0,0.0,0.0,0.0,0.0,0.0,0.0,0.0,0.0,0.0,0.0,0.0,0.0,0.0,0.0,0.0,0.0,0.0,0.0,0.0,0.0,0.0,0.0,0.0,0.0,0.0,0.0,0.0,0.0,0.0,0.0,0.0,0.0,0.0,0.0,0.0,0.0,0.0,0.0,0.0,0.0,0.0,0.0,0.0,0.0,0.0,0.0,0.0,0.0,0.0,0.0,0.0,0.0,0.0,0.0,0.0,0.0,0.0,0.0,0.0,0.0,0.0,0.0,0.0,0.0,0.0,0.0,0.0,0.0,0.0,0.0,0.0,0.0,0.0,0.0,0.0,0.0,0.0,0.0,0.0,0.0,0.0,0.0,0.0,0.0,0.0,0.0,0.0,0.0,0.0,0.0,0.0,0.0,0.0,0.0,0.0,0.0,0.0,0.0,0.0,0.0,0.0,0.0,0.0,0.0,0.0,0.0,0.0,0.0,0.0,0.0,0.0,0.0,0.0,0.0,0.0,0.0,0.0,0.0,0.0,0.0,0.0,0.0,0.0,0.0
2023-03-05 23:42:46,0.0,0.0,0.0,0.0,0.0,0.0,0.0,0.0,0.0,0.0,0.0,0.0,0.0,0.0,0.0,0.0,0.0,0.0,0.0,0.0,0.0,0.0,0.0,0.0,0.0,0.0,0.0,0.0,0.0,0.0,0.0,0.0,0.0,0.0,0.0,0.0,0.0,0.0,0.0,0.0,0.0,0.0,0.0,0.0,0.0,0.0,0.0,0.0,0.0,0.0,0.0,0.0,0.0,0.0,0.0,0.0,0.0,0.0,0.0,0.0,0.0,0.0,0.0,0.0,0.0,0.0,0.0,0.0,0.0,0.0,0.0,0.0,0.0,0.0,0.0,0.0,0.0,0.0,0.0,0.0,0.0,0.0,0.0,0.0,0.0,0.0,0.0,0.0,0.0,0.0,0.0,0.0,0.0,0.0,0.0,0.0,0.0,0.0,0.0,0.0,0.0,0.0,0.0,0.0,0.0,0.0,0.0,0.0,0.0,0.0,0.0,0.0,0.0,0.0,0.0,0.0,0.0,0.0,0.0,0.0,0.0,0.0,0.0,0.0,0.0,0.0,0.0,0.0,0.0,0.0,0.0,0.0,0.0,0.0,0.0,0.0,0.0,0.0,0.0,0.0,0.0,0.0,0.0,0.0,0.0,0.0,0.0,0.0,0.0,0.0,0.0,0.0,0.0,0.0,0.0,0.0,0.0,0.0,0.0,0.0,0.0,0.0,0.0,0.0,0.0,0.0,0.0,0.0,0.0,0.0,0.0,0.0,0.0,0.0,0.0,0.0,0.0,0.0,0.0,0.0,0.0,0.0,0.0,0.0,0.0,0.0,0.0,0.0,0.0,0.0,0.0,0.0,0.0,0.0,0.0,0.0
2023-03-05 23:42:47,0.0,0.0,0.0,0.0,0.0,0.0,0.0,0.0,0.0,0.0,0.0,0.0,0.0,0.0,0.0,0.0,0.0,0.0,0.0,0.0,0.0,0.0,0.0,0.0,0.0,0.0,0.0,0.0,0.0,0.0,0.0,0.0,0.0,0.0,0.0,0.0,0.0,0.0,0.0,0.0,0.0,0.0,0.0,0.0,0.0,0.0,0.0,0.0,0.0,0.0,0.0,0.0,0.0,0.0,0.0,0.0,0.0,0.0,0.0,0.0,0.0,0.0,0.0,0.0,0.0,0.0,0.0,0.0,0.0,0.0,0.0,0.0,0.0,0.0,0.0,0.0,0.0,0.0,0.0,0.0,0.0,0.0,0.0,0.0,0.0,0.0,0.0,0.0,0.0,0.0,0.0,0.0,0.0,0.0,0.0,0.0,0.0,0.0,0.0,0.0,0.0,0.0,0.0,0.0,0.0,0.0,0.0,0.0,0.0,0.0,0.0,0.0,0.0,0.0,0.0,0.0,0.0,0.0,0.0,0.0,0.0,0.0,0.0,0.0,0.0,0.0,0.0,0.0,0.0,0.0,0.0,0.0,0.0,0.0,0.0,0.0,0.0,0.0,0.0,0.0,0.0,0.0,0.0,0.0,0.0,0.0,0.0,0.0,0.0,0.0,0.0,0.0,0.0,0.0,0.0,0.0,0.0,0.0,0.0,0.0,0.0,0.0,0.0,0.0,0.0,0.0,0.0,0.0,0.0,0.0,0.0,0.0,0.0,0.0,0.0,0.0,0.0,0.0,0.0,0.0,0.0,0.0,0.0,0.0,0.0,0.0,0.0,0.0,0.0,0.0,0.0,0.0,0.0,0.0,0.0,0.0
